"Date","Site","Pass","FishNo","Species","FishLength_Weight","ScaleAge","CapturedFloyTagNo","AppliedFloyTagNo","Effort"
2013-10-07,"L01",1,5,"RB","270_248",1,NA,12105,464
2013-10-07,"L01",1,7,"RB","248_173",1,NA,12107,464
2013-10-07,"L01",1,2,"RB","254_178",1,NA,12102,464
2013-10-07,"L01",1,8,"RB","235_147",1,NA,12108,464
2013-10-07,"L01",1,10,"RB","252_181",1,NA,12110,464
2013-10-07,"L01",1,6,"RB","249_191",1,NA,12106,464
2013-10-07,"L01",1,13,"CT","273_251",NA,NA,NA,464
2013-10-07,"L01",1,9,"RB","265_206",1,NA,12109,464
2013-10-07,"L01",1,1,"RB","367_547",3,NA,12101,464
2013-10-07,"L01",1,11,"RB","251_179",1,NA,12111,464
2013-10-07,"L01",1,4,"RB","238_179",1,NA,12104,464
2013-10-07,"L01",1,12,"RBH","337_432",NA,NA,NA,464
2013-10-07,"L01",1,3,"RB","256_207",1,NA,12103,464
2013-10-11,"L01",2,3,"RB","257_211",1,NA,12289,496
2013-10-11,"L01",2,5,"RB","391_723",3,NA,12291,496
2013-10-11,"L01",2,4,"RB","377_587",3,NA,12290,496
2013-10-11,"L01",2,6,"RB","252_175",1,12102,NA,496
2013-10-11,"L01",2,7,"RB","345_479",3,NA,12292,496
2013-10-11,"L01",2,1,"RB","341_476",3,NA,12287,496
2013-10-11,"L01",2,2,"RB","237_167",1,NA,12288,496
2013-10-11,"L01",2,8,"RB","250_198",1,NA,12293,496
2013-10-15,"L01",3,3,"RBH","324_401",NA,NA,NA,432
2013-10-15,"L01",3,2,"RB","228_110",1,NA,12462,432
2013-10-15,"L01",3,1,"RB","253_182",1,NA,12461,432
2013-10-23,"L01",5,1,"CT","269_248",NA,NA,NA,433
2013-10-08,"L02",1,1,"RB","213_115",1,NA,12171,632
2013-10-08,"L02",1,5,"RB","228_174",1,NA,12175,632
2013-10-08,"L02",1,15,"SMB","246_284",NA,NA,NA,632
2013-10-08,"L02",1,3,"RB","309_294",2,NA,12173,632
2013-10-08,"L02",1,10,"RB","109_14",0,NA,NA,632
2013-10-08,"L02",1,14,"SMB","261_316",NA,NA,NA,632
2013-10-08,"L02",1,9,"RB","75_5",0,NA,NA,632
2013-10-08,"L02",1,8,"RB","261_199",1,NA,12178,632
2013-10-08,"L02",1,6,"RB","225_157",1,NA,12176,632
2013-10-08,"L02",1,2,"RB","213_106",1,NA,12172,632
2013-10-08,"L02",1,11,"RB","373_549",4,10432,NA,632
2013-10-08,"L02",1,7,"RB","272_248",1,NA,12177,632
2013-10-08,"L02",1,17,"SMB","366_909",NA,NA,NA,632
2013-10-08,"L02",1,4,"RB","235_161",1,NA,12174,632
2013-10-08,"L02",1,12,"SMB","219_167",NA,NA,NA,632
2013-10-08,"L02",1,16,"SMB","263_317",NA,NA,NA,632
2013-10-08,"L02",1,13,"SMB","268_311",NA,NA,NA,632
2013-10-12,"L02",2,7,"RB","255_174",1,NA,12372,596
2013-10-12,"L02",2,5,"RB","269_209",1,NA,12370,596
2013-10-12,"L02",2,2,"RB","357_547",3,NA,12368,596
2013-10-12,"L02",2,3,"RBH","323_358",NA,NA,NA,596
2013-10-12,"L02",2,4,"RB","400_627",4,NA,12369,596
2013-10-12,"L02",2,6,"RB","209_124",1,NA,12371,596
2013-10-12,"L02",2,1,"RB","222_146",1,12176,NA,596
2013-10-12,"L02",2,8,"SMB","245_248",NA,NA,NA,596
2013-10-16,"L02",3,1,"RB","357_448",2,11182,NA,574
2013-10-16,"L02",3,4,"RB","269_185",1,12370,NA,574
2013-10-16,"L02",3,2,"RB","372_535",4,10432,NA,574
2013-10-16,"L02",3,5,"RB","230_172",1,NA,12511,574
2013-10-16,"L02",3,3,"RB","357_469",3,11455,NA,574
2013-10-16,"L02",3,6,"RB","258_202",1,NA,12512,574
2013-10-20,"L02",4,2,"RB","343_465",2,NA,12756,538
2013-10-20,"L02",4,1,"RB","391_661",4,NA,12755,538
2013-10-20,"L02",4,3,"RB","334_431",2,NA,12757,538
2013-10-24,"L02",5,7,"RB","243_161",1,NA,12840,564
2013-10-24,"L02",5,5,"RB","323_389",2,NA,12838,564
2013-10-24,"L02",5,3,"RB","321_397",2,NA,12836,564
2013-10-24,"L02",5,2,"RB","397_731",3,NA,12835,564
2013-10-24,"L02",5,6,"RB","264_221",1,NA,12839,564
2013-10-24,"L02",5,8,"RB","156_41",1,NA,NA,564
2013-10-24,"L02",5,1,"RB","353_534",3,12368,NA,564
2013-10-24,"L02",5,4,"RB","345_455",3,NA,12837,564
2013-10-08,"L03",1,1,"RB","260_201",1,NA,12179,468
2013-10-08,"L03",1,3,"RB","390_763",3,10938,NA,468
2013-10-08,"L03",1,4,"RB","354_485",3,11458,NA,468
2013-10-08,"L03",1,2,"RB","244_172",1,NA,12180,468
2013-10-24,"L03",5,1,"RB","230_152",1,NA,12841,392
2013-10-07,"L04",1,1,"RB","242_165",1,NA,12112,493
2013-10-07,"L04",1,2,"RB","360_505",3,NA,12113,493
2013-10-07,"L04",1,3,"SMB","470_1946",NA,NA,NA,493
2013-10-11,"L04",2,2,"RB","163_51",0,NA,NA,531
2013-10-11,"L04",2,3,"RB","364_564",3,11232,NA,531
2013-10-11,"L04",2,1,"RB","239_145",1,NA,12294,531
2013-10-15,"L04",3,3,"SMB","232_175",NA,NA,NA,459
2013-10-15,"L04",3,2,"RB","229_151",1,NA,12464,459
2013-10-15,"L04",3,1,"RB","255_185",1,NA,12463,459
2013-10-19,"L04",4,4,"RB","249_177",1,NA,12738,476
2013-10-19,"L04",4,3,"RB","350_403",2,NA,12737,476
2013-10-19,"L04",4,5,"CT","302_333",NA,NA,NA,476
2013-10-19,"L04",4,1,"RB","267_215",1,12184,NA,476
2013-10-19,"L04",4,2,"RB","401_615",4,NA,12736,476
2013-10-07,"L05",1,4,"RB","252_191",1,NA,12117,458
2013-10-07,"L05",1,1,"RB","380_534",5,NA,12114,458
2013-10-07,"L05",1,2,"RB","365_579",3,NA,12115,458
2013-10-07,"L05",1,5,"RB","242_185",1,NA,12118,458
2013-10-07,"L05",1,3,"RB","344_446",3,NA,12116,458
2013-10-07,"L05",1,7,"SMB","244_254",NA,NA,NA,458
2013-10-07,"L05",1,6,"SMB","243_214",NA,NA,NA,458
2013-10-11,"L05",2,1,"RB","380_NA",4,10435,NA,449
2013-10-11,"L05",2,4,"RB","305_NA",2,NA,12297,449
2013-10-11,"L05",2,2,"RB","242_NA",1,NA,12295,449
2013-10-11,"L05",2,5,"SMB","220_NA",NA,NA,NA,449
2013-10-11,"L05",2,3,"RB","247_NA",1,NA,12296,449
2013-10-15,"L05",3,2,"SMB","252_269",NA,NA,NA,477
2013-10-15,"L05",3,3,"SMB","216_167",NA,NA,NA,477
2013-10-15,"L05",3,1,"RB","310_312",2,11399,NA,477
2013-10-19,"L05",4,1,"RB","330_441",3,12116,NA,426
2013-10-19,"L05",4,2,"RBH","325_445",NA,NA,NA,426
2013-10-23,"L05",5,2,"RB","272_220",2,NA,12799,440
2013-10-23,"L05",5,1,"RB","388_629",4,NA,12798,440
2013-10-08,"L06",1,6,"SMB","241_236",NA,NA,NA,413
2013-10-08,"L06",1,3,"RB","369_575",3,NA,12183,413
2013-10-08,"L06",1,4,"RB","268_232",1,NA,12184,413
2013-10-08,"L06",1,1,"RB","210_119",1,NA,12181,413
2013-10-08,"L06",1,2,"RB","343_467",2,NA,12182,413
2013-10-08,"L06",1,5,"RB","365_491",4,11462,NA,413
2013-10-08,"L06",1,7,"SMB","271_334",NA,NA,NA,413
2013-10-12,"L06",2,6,"RB","110_16",0,NA,NA,437
2013-10-12,"L06",2,5,"RB","204_89",1,NA,12376,437
2013-10-12,"L06",2,1,"RB","246_153",1,NA,12373,437
2013-10-12,"L06",2,3,"RB","266_219",1,NA,12374,437
2013-10-12,"L06",2,4,"RB","207_112",1,NA,12375,437
2013-10-12,"L06",2,2,"RBH","333_431",NA,NA,NA,437
2013-10-16,"L06",3,2,"SMB","258_270",NA,NA,NA,396
2013-10-16,"L06",3,1,"RB","251_161",1,NA,12513,396
2013-10-20,"L06",4,2,"RB","297_312",2,NA,12758,360
2013-10-20,"L06",4,1,"RB","369_556",3,12183,NA,360
2013-10-24,"L06",5,3,"RB","102_12",0,NA,NA,380
2013-10-24,"L06",5,2,"RB","242_177",1,NA,12842,380
2013-10-24,"L06",5,1,"RB","345_452",3,11579,NA,380
2013-10-08,"L07",1,4,"RB","268_233",1,NA,12188,712
2013-10-08,"L07",1,3,"RB","220_135",1,NA,12187,712
2013-10-08,"L07",1,10,"CT","225_151",NA,NA,12194,712
2013-10-08,"L07",1,11,"RB","333_417",3,NA,12195,712
2013-10-08,"L07",1,8,"RB","346_450",3,NA,12192,712
2013-10-08,"L07",1,12,"RB","311_357",2,11581,NA,712
2013-10-08,"L07",1,5,"RB","364_460",3,NA,12189,712
2013-10-08,"L07",1,7,"RB","230_143",1,NA,12191,712
2013-10-08,"L07",1,9,"RB","252_194",1,NA,12193,712
2013-10-08,"L07",1,2,"RB","240_173",1,NA,12186,712
2013-10-08,"L07",1,13,"RB","115_32",0,NA,NA,712
2013-10-08,"L07",1,1,"RB","290_298",1,NA,12185,712
2013-10-08,"L07",1,6,"RB","341_507",2,NA,12190,712
2013-10-12,"L07",2,2,"RB","392_730",3,11018,NA,589
2013-10-12,"L07",2,3,"RB","255_204",1,NA,12377,589
2013-10-12,"L07",2,7,"RB","112_16",0,NA,NA,589
2013-10-12,"L07",2,6,"RB","242_199",1,NA,12380,589
2013-10-12,"L07",2,4,"RB","313_359",2,NA,12378,589
2013-10-12,"L07",2,5,"RB","305_331",2,NA,12379,589
2013-10-12,"L07",2,1,"RB","420_825",4,11656,NA,589
2013-10-16,"L07",3,2,"RB","345_424",3,12192,NA,585
2013-10-16,"L07",3,6,"RB","273_229",1,NA,12515,585
2013-10-16,"L07",3,3,"RB","232_135",1,12191,NA,585
2013-10-16,"L07",3,7,"RB","247_191",1,NA,12516,585
2013-10-16,"L07",3,9,"RB","196_67",1,NA,NA,585
2013-10-16,"L07",3,5,"RB","373_657",4,NA,12514,585
2013-10-16,"L07",3,1,"RB","358_569",2,12467,NA,585
2013-10-16,"L07",3,4,"RB","297_301",1,11658,NA,585
2013-10-16,"L07",3,8,"RB","233_141",1,NA,12517,585
2013-10-20,"L07",4,3,"RB","268_239",1,NA,12760,623
2013-10-20,"L07",4,5,"RB","263_235",1,NA,12762,623
2013-10-20,"L07",4,4,"RB","243_199",1,NA,12761,623
2013-10-20,"L07",4,1,"RB","300_322",2,12379,NA,623
2013-10-20,"L07",4,2,"RB","304_353",2,NA,12759,623
2013-10-24,"L07",5,4,"RB","265_244",1,NA,12845,560
2013-10-24,"L07",5,1,"RB","229_140",1,12191,NA,560
2013-10-24,"L07",5,3,"RB","391_673",3,NA,12844,560
2013-10-24,"L07",5,2,"RB","396_674",3,NA,12843,560
2013-10-07,"L08",1,6,"RB","363_502",4,10993,NA,631
2013-10-07,"L08",1,3,"RB","296_319",2,NA,12121,631
2013-10-07,"L08",1,4,"RB","360_515",3,NA,12122,631
2013-10-07,"L08",1,2,"RB","372_567",3,NA,12120,631
2013-10-07,"L08",1,5,"RB","392_668",3,NA,12123,631
2013-10-07,"L08",1,1,"RB","313_345",2,NA,12119,631
2013-10-11,"L08",2,4,"RB","259_NA",1,NA,12300,592
2013-10-11,"L08",2,8,"CT","320_NA",NA,NA,NA,592
2013-10-11,"L08",2,2,"RB","351_NA",2,NA,12298,592
2013-10-11,"L08",2,1,"RB","272_NA",2,12121,NA,592
2013-10-11,"L08",2,6,"RB","381_NA",2,NA,12302,592
2013-10-11,"L08",2,3,"RB","263_NA",1,NA,12299,592
2013-10-11,"L08",2,5,"RB","238_NA",1,NA,12301,592
2013-10-11,"L08",2,7,"RB","336_NA",2,NA,12303,592
2013-10-15,"L08",3,3,"RB","370_517",3,NA,12465,638
2013-10-15,"L08",3,10,"RB","393_685",4,NA,12472,638
2013-10-15,"L08",3,9,"RB","258_211",1,NA,12471,638
2013-10-15,"L08",3,1,"RB","291_281",1,12185,NA,638
2013-10-15,"L08",3,2,"RB","394_629",4,11403,NA,638
2013-10-15,"L08",3,8,"RB","250_189",1,NA,12470,638
2013-10-15,"L08",3,4,"RB","270_232",1,NA,12466,638
2013-10-15,"L08",3,6,"RB","264_211",1,NA,12468,638
2013-10-15,"L08",3,5,"RB","358_583",2,NA,12467,638
2013-10-15,"L08",3,7,"RB","341_425",2,NA,12469,638
2013-10-19,"L08",4,4,"RB","292_280",2,NA,12741,604
2013-10-19,"L08",4,2,"RB","357_504",2,NA,12739,604
2013-10-19,"L08",4,5,"CT","329_373",NA,NA,NA,604
2013-10-19,"L08",4,3,"RB","342_489",2,NA,12740,604
2013-10-19,"L08",4,1,"RB","376_551",4,11153,NA,604
2013-10-23,"L08",5,1,"RB","239_178",1,12301,NA,623
2013-10-07,"L09",1,1,"RB","222_146",1,NA,12124,489
2013-10-07,"L09",1,2,"RB","262_223",1,NA,12125,489
2013-10-07,"L09",1,3,"RB","290_265",2,11410,NA,489
2013-10-11,"L09",2,3,"RB","245_NA",1,NA,12305,464
2013-10-11,"L09",2,2,"RB","299_NA",2,NA,12304,464
2013-10-11,"L09",2,6,"RB","233_NA",1,NA,12308,464
2013-10-11,"L09",2,1,"RB","310_NA",2,11409,NA,464
2013-10-11,"L09",2,7,"RB","234_NA",1,NA,12309,464
2013-10-11,"L09",2,4,"RB","251_NA",1,NA,12306,464
2013-10-11,"L09",2,5,"RB","221_NA",1,NA,12307,464
2013-10-15,"L09",3,4,"RB","368_621",3,NA,12473,450
2013-10-15,"L09",3,1,"RB","295_284",2,12304,NA,450
2013-10-15,"L09",3,6,"RB","113_13",0,NA,NA,450
2013-10-15,"L09",3,5,"RB","312_365",2,NA,12474,450
2013-10-15,"L09",3,2,"RB","230_151",1,12309,NA,450
2013-10-15,"L09",3,3,"RB","218_139",1,12307,NA,450
2013-10-19,"L09",4,2,"RB","293_296",2,12304,NA,420
2013-10-19,"L09",4,4,"RB","241_181",1,NA,12742,420
2013-10-19,"L09",4,1,"RB","296_354",2,12200,NA,420
2013-10-19,"L09",4,3,"RB","253_183",1,12318,NA,420
2013-10-23,"L09",5,3,"RB","342_490",3,NA,12800,439
2013-10-23,"L09",5,1,"RB","231_147",1,12309,NA,439
2013-10-23,"L09",5,4,"RB","243_183",1,NA,12801,439
2013-10-23,"L09",5,2,"RB","316_351",2,11598,NA,439
2013-10-08,"L10",1,5,"RB","302_371",2,NA,12200,579
2013-10-08,"L10",1,2,"RB","245_197",1,NA,12197,579
2013-10-08,"L10",1,6,"RB","383_617",3,NA,12201,579
2013-10-08,"L10",1,4,"RB","246_202",1,NA,12199,579
2013-10-08,"L10",1,7,"RB","233_185",1,NA,12202,579
2013-10-08,"L10",1,1,"RB","331_417",4,NA,12196,579
2013-10-08,"L10",1,10,"RB","329_395",2,11027,NA,579
2013-10-08,"L10",1,9,"RB","251_199",1,NA,12204,579
2013-10-08,"L10",1,8,"RB","265_234",1,NA,12203,579
2013-10-08,"L10",1,3,"RB","402_726",3,NA,12198,579
2013-10-12,"L10",2,10,"RB","232_147",1,NA,12388,603
2013-10-12,"L10",2,6,"RB","333_420",3,NA,12384,603
2013-10-12,"L10",2,4,"RB","254_187",1,NA,12382,603
2013-10-12,"L10",2,8,"RB","367_510",3,NA,12386,603
2013-10-12,"L10",2,9,"RB","241_159",3,NA,12387,603
2013-10-12,"L10",2,7,"RB","265_222",1,NA,12385,603
2013-10-12,"L10",2,12,"RB","227_145",1,NA,12390,603
2013-10-12,"L10",2,11,"RB","370_495",3,NA,12389,603
2013-10-12,"L10",2,2,"RB","407_733",4,10647,NA,603
2013-10-12,"L10",2,5,"RB","256_198",1,NA,12383,603
2013-10-12,"L10",2,3,"RB","296_330",2,11474,NA,603
2013-10-12,"L10",2,1,"RB","384_595",4,NA,12381,603
2013-10-16,"L10",3,1,"RB","325_385",4,12196,NA,573
2013-10-16,"L10",3,4,"RB","267_231",1,NA,12519,573
2013-10-16,"L10",3,6,"RB","249_185",1,NA,12521,573
2013-10-16,"L10",3,5,"RB","281_258",1,NA,12520,573
2013-10-16,"L10",3,2,"RB","337_447",2,12190,NA,573
2013-10-16,"L10",3,3,"RB","258_213",1,NA,12518,573
2013-10-20,"L10",4,1,"RB","261_229",1,12519,NA,500
2013-10-20,"L10",4,4,"RB","258_229",1,NA,12765,500
2013-10-20,"L10",4,3,"RB","380_531",3,NA,12764,500
2013-10-20,"L10",4,2,"RB","308_371",2,NA,12763,500
2013-10-24,"L10",5,2,"RB","285_247",2,NA,12847,504
2013-10-24,"L10",5,1,"RB","256_195",1,NA,12846,504
2013-10-24,"L10",5,3,"RB","233_143",1,NA,12848,504
2013-10-08,"L11",1,3,"RB","262_215",1,NA,12207,553
2013-10-08,"L11",1,8,"RB","394_599",3,NA,12212,553
2013-10-08,"L11",1,5,"RB","234_159",1,NA,12209,553
2013-10-08,"L11",1,10,"RB","113_23",0,NA,NA,553
2013-10-08,"L11",1,1,"RB","232_161",1,NA,12205,553
2013-10-08,"L11",1,9,"RB","322_375",2,11598,NA,553
2013-10-08,"L11",1,2,"RB","241_166",1,NA,12206,553
2013-10-08,"L11",1,7,"RB","236_151",1,NA,12211,553
2013-10-08,"L11",1,6,"RB","303_315",2,NA,12210,553
2013-10-08,"L11",1,4,"RB","322_440",2,NA,12208,553
2013-10-12,"L11",2,3,"RB","360_555",4,10945,NA,624
2013-10-12,"L11",2,13,"RB","297_292",1,NA,12400,624
2013-10-12,"L11",2,14,"RB","250_210",1,NA,12401,624
2013-10-12,"L11",2,6,"RB","228_154",1,NA,12393,624
2013-10-12,"L11",2,16,"RB","237_175",1,NA,12403,624
2013-10-12,"L11",2,11,"RB","331_431",2,NA,12398,624
2013-10-12,"L11",2,7,"RB","244_182",1,NA,12394,624
2013-10-12,"L11",2,12,"RB","257_220",1,NA,12399,624
2013-10-12,"L11",2,15,"RB","252_204",1,NA,12402,624
2013-10-12,"L11",2,9,"RB","243_183",1,NA,12396,624
2013-10-12,"L11",2,4,"RB","399_761",4,NA,12391,624
2013-10-12,"L11",2,8,"RB","321_409",2,NA,12395,624
2013-10-12,"L11",2,1,"RB","236_157",1,12205,NA,624
2013-10-12,"L11",2,10,"RB","443_924",5,NA,12397,624
2013-10-12,"L11",2,2,"RB","330_359",2,12313,NA,624
2013-10-12,"L11",2,5,"RB","223_152",1,NA,12392,624
2013-10-16,"L11",3,7,"RB","243_179",NA,NA,12527,572
2013-10-16,"L11",3,8,"RB","222_127",1,NA,12528,572
2013-10-16,"L11",3,1,"RB","330_404",2,12398,NA,572
2013-10-16,"L11",3,10,"CT","350_458",NA,NA,NA,572
2013-10-16,"L11",3,6,"RB","246_161",1,NA,12526,572
2013-10-16,"L11",3,9,"RB","252_162",1,NA,12529,572
2013-10-16,"L11",3,5,"RB","303_332",2,NA,12525,572
2013-10-16,"L11",3,2,"RB","343_471",3,NA,12522,572
2013-10-16,"L11",3,4,"RB","386_504",3,NA,12524,572
2013-10-16,"L11",3,3,"RB","334_433",2,NA,12523,572
2013-10-20,"L11",4,5,"RB","232_148",1,12209,NA,521
2013-10-20,"L11",4,2,"RB","366_535",3,12314,NA,521
2013-10-20,"L11",4,1,"RB","363_519",2,11493,NA,521
2013-10-20,"L11",4,4,"RB","223_131",1,12392,NA,521
2013-10-20,"L11",4,6,"RB","361_467",4,NA,12766,521
2013-10-20,"L11",4,7,"RB","339_464",2,NA,12767,521
2013-10-20,"L11",4,3,"RB","223_151",1,12528,NA,521
2013-10-24,"L11",5,2,"RB","249_181",1,12402,NA,487
2013-10-24,"L11",5,5,"RB","337_428",2,11491,NA,487
2013-10-24,"L11",5,1,"RB","292_332",2,11596,NA,487
2013-10-24,"L11",5,8,"RB","313_360",2,11494,NA,487
2013-10-24,"L11",5,11,"RB","230_140",1,NA,12851,487
2013-10-24,"L11",5,10,"RB","243_182",1,NA,12850,487
2013-10-24,"L11",5,4,"RB","242_176",1,12526,NA,487
2013-10-24,"L11",5,9,"RB","355_543",2,NA,12849,487
2013-10-24,"L11",5,3,"RB","222_136",1,12317,NA,487
2013-10-24,"L11",5,12,"RB","222_136",1,NA,12852,487
2013-10-24,"L11",5,6,"RB","250_170",1,12527,NA,487
2013-10-24,"L11",5,13,"RB","217_119",1,NA,12853,487
2013-10-24,"L11",5,7,"RB","233_174",1,12417,NA,487
2013-10-07,"L12",1,1,"RB","247_171",1,NA,12126,496
2013-10-07,"L12",1,4,"RB","245_176",1,NA,12129,496
2013-10-07,"L12",1,6,"RB","255_204",1,NA,12131,496
2013-10-07,"L12",1,2,"RB","232_148",1,NA,12127,496
2013-10-07,"L12",1,5,"RB","258_223",1,NA,12130,496
2013-10-07,"L12",1,7,"RB","363_539",2,11493,NA,496
2013-10-07,"L12",1,3,"RB","240_177",1,NA,12128,496
2013-10-11,"L12",2,8,"RB","262_NA",1,NA,12316,448
2013-10-11,"L12",2,3,"RB","267_NA",1,NA,12311,448
2013-10-11,"L12",2,4,"RB","381_NA",3,NA,12312,448
2013-10-11,"L12",2,13,"RB","237_NA",1,NA,12321,448
2013-10-11,"L12",2,7,"RB","236_NA",1,NA,12315,448
2013-10-11,"L12",2,1,"RB","246_159",1,12129,NA,448
2013-10-11,"L12",2,6,"RB","370_NA",3,NA,12314,448
2013-10-11,"L12",2,12,"RB","246_NA",1,NA,12320,448
2013-10-11,"L12",2,9,"RB","229_NA",1,NA,12317,448
2013-10-11,"L12",2,2,"RB","250_NA",1,NA,12310,448
2013-10-11,"L12",2,10,"RB","251_NA",1,NA,12318,448
2013-10-11,"L12",2,5,"RB","328_NA",2,NA,12313,448
2013-10-11,"L12",2,11,"RB","366_NA",3,NA,12319,448
2013-10-15,"L12",3,6,"RB","248_193",1,NA,12475,411
2013-10-15,"L12",3,8,"RB","260_205",1,NA,12477,411
2013-10-15,"L12",3,4,"RB","243_159",1,12129,NA,411
2013-10-15,"L12",3,3,"RB","229_137",1,12317,NA,411
2013-10-15,"L12",3,1,"RB","235_139",1,12315,NA,411
2013-10-15,"L12",3,2,"RB","240_168",1,12128,NA,411
2013-10-15,"L12",3,9,"RB","368_562",3,NA,12478,411
2013-10-15,"L12",3,5,"RB","392_490",4,11487,NA,411
2013-10-15,"L12",3,7,"RB","270_249",1,NA,12476,411
2013-10-19,"L12",4,1,"RB","253_196",1,NA,12743,422
2013-10-23,"L12",5,7,"RB","257_171",1,NA,12806,388
2013-10-23,"L12",5,5,"RB","296_291",2,NA,12804,388
2013-10-23,"L12",5,3,"RB","339_441",2,NA,12802,388
2013-10-23,"L12",5,2,"RB","269_249",1,12476,NA,388
2013-10-23,"L12",5,1,"RB","258_195",1,12316,NA,388
2013-10-23,"L12",5,4,"RB","354_498",3,NA,12803,388
2013-10-23,"L12",5,6,"RB","231_142",1,NA,12805,388
2013-10-07,"L13",1,5,"RB","254_225",1,NA,12136,499
2013-10-07,"L13",1,1,"RB","313_365",2,NA,12132,499
2013-10-07,"L13",1,3,"RB","249_187",1,NA,12134,499
2013-10-07,"L13",1,4,"RB","220_125",1,NA,12135,499
2013-10-07,"L13",1,2,"RB","239_153",1,NA,12133,499
2013-10-11,"L13",2,1,"RB","357_NA",2,NA,12322,442
2013-10-15,"L13",3,1,"RB","240_141",1,12133,NA,418
2013-10-15,"L13",3,2,"RB","280_277",2,NA,12479,418
2013-10-15,"L13",3,3,"RB","392_590",3,NA,12480,418
2013-10-19,"L13",4,1,"RB","346_431",2,11243,NA,427
2013-10-19,"L13",4,3,"RB","425_807",4,NA,12744,427
2013-10-19,"L13",4,2,"RB","247_190",1,12475,NA,427
2013-10-23,"L13",5,1,"RB","354_452",2,12322,NA,410
2013-10-23,"L13",5,2,"RB","261_191",1,NA,12807,410
2013-10-08,"L14",1,3,"RB","211_139",1,NA,12215,487
2013-10-08,"L14",1,2,"RB","253_183",1,NA,12214,487
2013-10-08,"L14",1,1,"RB","256_203",1,NA,12213,487
2013-10-12,"L14",2,3,"RB","355_491",2,NA,12405,413
2013-10-12,"L14",2,4,"RB","316_373",2,NA,12406,413
2013-10-12,"L14",2,1,"RB","254_196",1,12213,NA,413
2013-10-12,"L14",2,2,"RB","251_179",1,NA,12404,413
2013-10-16,"L14",3,3,"RB","260_201",1,12328,NA,419
2013-10-16,"L14",3,4,"RB","243_180",1,NA,12530,419
2013-10-16,"L14",3,1,"RB","315_343",2,12406,NA,419
2013-10-16,"L14",3,2,"RB","233_171",1,12417,NA,419
2013-10-20,"L14",4,1,"RB","332_396",3,NA,12768,386
2013-10-20,"L14",4,2,"RB","213_126",1,NA,12769,386
2013-10-20,"L14",4,3,"RB","213_106",1,NA,12770,386
2013-10-24,"L14",5,1,"RB","380_611",3,NA,12854,368
2013-10-08,"L15",1,4,"RB","227_139",1,NA,12219,461
2013-10-08,"L15",1,1,"RB","225_138",1,NA,12216,461
2013-10-08,"L15",1,2,"RB","220_119",1,NA,12217,461
2013-10-08,"L15",1,5,"RB","228_141",1,NA,12220,461
2013-10-08,"L15",1,3,"RB","257_204",1,NA,12218,461
2013-10-08,"L15",1,6,"RB","236_164",1,NA,12221,461
2013-10-08,"L15",1,7,"RB","243_167",1,NA,12222,461
2013-10-12,"L15",2,14,"RB","227_146",1,NA,12416,486
2013-10-12,"L15",2,12,"RB","219_113",1,NA,12415,486
2013-10-12,"L15",2,6,"RB","248_183",1,NA,12409,486
2013-10-12,"L15",2,5,"RB","232_143",1,NA,12408,486
2013-10-12,"L15",2,1,"RB","320_412",2,11512,NA,486
2013-10-12,"L15",2,2,"RB","220_116",1,12217,NA,486
2013-10-12,"L15",2,15,"RB","236_177",1,NA,12417,486
2013-10-12,"L15",2,11,"RB","262_208",1,NA,12414,486
2013-10-12,"L15",2,9,"RB","244_180",3,NA,12412,486
2013-10-12,"L15",2,8,"RB","251_219",1,NA,12411,486
2013-10-12,"L15",2,3,"RB","393_665",5,11004,NA,486
2013-10-12,"L15",2,13,"RBH","249_190",NA,NA,NA,486
2013-10-12,"L15",2,7,"RB","261_215",1,NA,12410,486
2013-10-12,"L15",2,10,"RB","249_175",1,NA,12413,486
2013-10-12,"L15",2,4,"RB","382_704",3,NA,12407,486
2013-10-16,"L15",3,1,"RB","223_137",1,12329,NA,475
2013-10-16,"L15",3,2,"RB","258_171",1,NA,12531,475
2013-10-20,"L15",4,4,"RB","261_228",1,NA,12772,390
2013-10-20,"L15",4,1,"RB","253_173",1,12214,NA,390
2013-10-20,"L15",4,2,"RB","363_535",3,10847,NA,390
2013-10-20,"L15",4,3,"RB","399_697",3,NA,12771,390
2013-10-24,"L15",5,4,"RB","213_109",1,12770,NA,399
2013-10-24,"L15",5,8,"RB","332_441",2,NA,12858,399
2013-10-24,"L15",5,9,"RB","228_140",1,NA,12859,399
2013-10-24,"L15",5,7,"RB","292_303",2,NA,12857,399
2013-10-24,"L15",5,3,"RB","338_444",4,11415,NA,399
2013-10-24,"L15",5,5,"RB","437_949",4,NA,12855,399
2013-10-24,"L15",5,2,"RB","340_432",2,11420,NA,399
2013-10-24,"L15",5,1,"RB","351_449",2,12137,NA,399
2013-10-24,"L15",5,6,"RB","368_543",3,NA,12856,399
2013-10-07,"L16",1,6,"RB","394_755",4,NA,12142,486
2013-10-07,"L16",1,5,"RB","392_637",3,NA,12141,486
2013-10-07,"L16",1,7,"RB","251_185",1,NA,12143,486
2013-10-07,"L16",1,1,"RB","357_451",2,NA,12137,486
2013-10-07,"L16",1,9,"RB","240_163",1,NA,12145,486
2013-10-07,"L16",1,2,"RB","223_147",1,NA,12138,486
2013-10-07,"L16",1,8,"RB","200_106",1,NA,12144,486
2013-10-07,"L16",1,4,"RB","247_190",1,NA,12140,486
2013-10-07,"L16",1,3,"RB","242_189",1,NA,12139,486
2013-10-11,"L16",2,11,"RB","224_NA",1,NA,12329,531
2013-10-11,"L16",2,10,"RB","259_NA",1,NA,12328,531
2013-10-11,"L16",2,9,"RB","404_NA",4,NA,12327,531
2013-10-11,"L16",2,12,"RB","201_NA",1,NA,12330,531
2013-10-11,"L16",2,6,"RB","215_NA",1,NA,12324,531
2013-10-11,"L16",2,13,"RB","137_NA",0,NA,NA,531
2013-10-11,"L16",2,7,"RB","240_NA",1,NA,12325,531
2013-10-11,"L16",2,4,"RB","223_NA",1,12138,NA,531
2013-10-11,"L16",2,1,"RB","275_NA",1,NA,12323,531
2013-10-11,"L16",2,2,"RB","240_NA",1,12139,NA,531
2013-10-11,"L16",2,5,"RB","395_NA",5,11004,NA,531
2013-10-11,"L16",2,3,"RB","246_NA",1,12143,NA,531
2013-10-11,"L16",2,8,"RB","252_NA",1,NA,12326,531
2013-10-15,"L16",3,4,"RB","284_317",2,NA,12481,560
2013-10-15,"L16",3,2,"RB","237_161",1,12325,NA,560
2013-10-15,"L16",3,1,"RB","243_162",1,12143,NA,560
2013-10-15,"L16",3,5,"RB","333_437",2,NA,12482,560
2013-10-15,"L16",3,13,"RB","111_12",0,NA,NA,560
2013-10-15,"L16",3,12,"RB","240_184",1,NA,12489,560
2013-10-15,"L16",3,3,"RB","255_199",1,12213,NA,560
2013-10-15,"L16",3,10,"RB","210_119",1,NA,12487,560
2013-10-15,"L16",3,9,"RB","215_121",1,NA,12486,560
2013-10-15,"L16",3,6,"RB","238_167",1,NA,12483,560
2013-10-15,"L16",3,8,"RB","246_175",1,NA,12485,560
2013-10-15,"L16",3,7,"RB","242_181",1,NA,12484,560
2013-10-15,"L16",3,11,"RB","234_154",1,NA,12488,560
2013-10-15,"L16",3,14,"RB","153_40",0,NA,NA,560
2013-10-19,"L16",4,4,"RB","404_706",3,NA,12745,485
2013-10-19,"L16",4,5,"RB","117_18",0,NA,NA,485
2013-10-19,"L16",4,1,"RB","241_174",1,12489,NA,485
2013-10-19,"L16",4,2,"RB","218_121",1,12415,NA,485
2013-10-19,"L16",4,3,"RB","243_151",1,12488,NA,485
2013-10-23,"L16",5,4,"RB","241_185",1,NA,12809,520
2013-10-23,"L16",5,6,"RB","216_132",1,NA,12811,520
2013-10-23,"L16",5,1,"RB","206_100",1,12534,NA,520
2013-10-23,"L16",5,2,"RB","354_456",2,12322,NA,520
2013-10-23,"L16",5,3,"RB","258_213",1,NA,12808,520
2013-10-23,"L16",5,5,"RB","239_174",1,NA,12810,520
2013-10-23,"L16",5,7,"RB","228_148",1,NA,12812,520
2013-10-07,"L17",1,1,"RB","240_156",1,NA,12146,461
2013-10-07,"L17",1,2,"RB","221_119",1,NA,12147,461
2013-10-11,"L17",2,1,"RB","346_NA",6,10259,NA,394
2013-10-15,"L17",3,1,"RB","240_151",1,NA,12490,409
2013-10-19,"L17",4,1,"RB","235_157",1,12231,NA,398
2013-10-23,"L17",5,1,"RB","369_608",3,10911,NA,386
2013-10-23,"L17",5,2,"RB","336_422",2,NA,12813,386
2013-10-23,"L17",5,3,"RB","241_154",3,NA,12814,386
2013-10-08,"L18",1,1,"RB","371_605",4,NA,12223,465
2013-10-08,"L18",1,3,"RB","369_531",2,11607,NA,465
2013-10-08,"L18",1,2,"RB","255_210",1,NA,12224,465
2013-10-16,"L18",3,1,"RB","288_284",2,NA,12532,393
2013-10-20,"L18",4,1,"RB","245_194",1,12475,NA,403
2013-10-08,"L19",1,1,"RB","383_654",3,NA,12225,557
2013-10-08,"L19",1,6,"RB","282_288",1,NA,12230,557
2013-10-08,"L19",1,19,"RB","103_13",0,NA,NA,557
2013-10-08,"L19",1,15,"RB","257_191",1,NA,12239,557
2013-10-08,"L19",1,2,"RB","403_713",4,NA,12226,557
2013-10-08,"L19",1,17,"RB","133_36",0,NA,NA,557
2013-10-08,"L19",1,12,"RB","241_154",1,NA,12236,557
2013-10-08,"L19",1,13,"RB","264_212",1,NA,12237,557
2013-10-08,"L19",1,16,"RB","183_79",1,NA,NA,557
2013-10-08,"L19",1,18,"RB","85_14",0,NA,NA,557
2013-10-08,"L19",1,14,"RB","233_159",1,NA,12238,557
2013-10-08,"L19",1,5,"RB","288_302",2,NA,12229,557
2013-10-08,"L19",1,11,"RB","243_205",1,NA,12235,557
2013-10-08,"L19",1,20,"RB","84_6",0,NA,NA,557
2013-10-08,"L19",1,3,"RB","258_233",1,NA,12227,557
2013-10-08,"L19",1,10,"RB","232_157",1,NA,12234,557
2013-10-08,"L19",1,4,"RB","323_429",2,NA,12228,557
2013-10-08,"L19",1,9,"RB","240_166",1,NA,12233,557
2013-10-08,"L19",1,8,"RB","265_210",1,NA,12232,557
2013-10-08,"L19",1,7,"RB","234_167",NA,NA,12231,557
2013-10-12,"L19",2,8,"RB","206_103",1,NA,12423,542
2013-10-12,"L19",2,11,"RB","215_112",1,NA,12426,542
2013-10-12,"L19",2,10,"RB","255_204",1,NA,12425,542
2013-10-12,"L19",2,2,"RB","380_642",3,12225,NA,542
2013-10-12,"L19",2,12,"RB","127_16",0,NA,NA,542
2013-10-12,"L19",2,4,"RB","420_817",3,NA,12419,542
2013-10-12,"L19",2,13,"RB","109_10",0,NA,NA,542
2013-10-12,"L19",2,3,"RB","400_643",3,NA,12418,542
2013-10-12,"L19",2,6,"RB","241_167",1,NA,12421,542
2013-10-12,"L19",2,9,"RB","230_150",1,NA,12424,542
2013-10-12,"L19",2,1,"RB","253_179",1,12239,NA,542
2013-10-12,"L19",2,7,"RB","227_150",1,NA,12422,542
2013-10-12,"L19",2,5,"RB","360_501",2,NA,12420,542
2013-10-16,"L19",3,5,"RB","367_462",3,NA,12535,496
2013-10-16,"L19",3,3,"RB","250_193",1,NA,12533,496
2013-10-16,"L19",3,7,"RB","157_42",0,NA,NA,496
2013-10-16,"L19",3,2,"RB","230_140",1,12424,NA,496
2013-10-16,"L19",3,4,"RB","213_98",1,NA,12534,496
2013-10-16,"L19",3,6,"RB","238_142",1,NA,12536,496
2013-10-16,"L19",3,1,"RB","241_148",1,12233,NA,496
2013-10-20,"L19",4,8,"RB","157_41",0,NA,NA,460
2013-10-20,"L19",4,7,"RB","246_173",1,NA,12777,460
2013-10-20,"L19",4,4,"RB","257_228",1,NA,12774,460
2013-10-20,"L19",4,3,"RB","363_584",3,NA,12773,460
2013-10-20,"L19",4,6,"RB","238_155",1,NA,12776,460
2013-10-20,"L19",4,5,"RB","234_161",1,NA,12775,460
2013-10-20,"L19",4,1,"RB","213_113",1,12426,NA,460
2013-10-20,"L19",4,2,"RB","213_110",1,12534,NA,460
2013-10-24,"L19",5,1,"RB","348_451",3,10854,NA,458
2013-10-24,"L19",5,4,"RB","267_210",1,NA,12862,458
2013-10-24,"L19",5,2,"RB","253_185",1,NA,12860,458
2013-10-24,"L19",5,3,"RB","248_184",1,NA,12861,458
2013-10-07,"L20",1,3,"RB","247_173",1,NA,12150,582
2013-10-07,"L20",1,1,"RB","223_142",1,NA,12148,582
2013-10-07,"L20",1,10,"RB","252_219",1,NA,12157,582
2013-10-07,"L20",1,2,"RB","233_139",1,NA,12149,582
2013-10-07,"L20",1,8,"RB","257_189",1,NA,12155,582
2013-10-07,"L20",1,9,"RB","233_158",1,NA,12156,582
2013-10-07,"L20",1,5,"RB","259_195",1,NA,12152,582
2013-10-07,"L20",1,4,"RB","227_141",1,NA,12151,582
2013-10-07,"L20",1,6,"RB","264_223",1,NA,12153,582
2013-10-07,"L20",1,7,"RB","374_507",3,NA,12154,582
2013-10-11,"L20",2,7,"RB","311_NA",2,NA,12336,586
2013-10-11,"L20",2,3,"RB","386_NA",4,NA,12332,586
2013-10-11,"L20",2,5,"RB","243_NA",1,NA,12334,586
2013-10-11,"L20",2,6,"RB","240_NA",1,NA,12335,586
2013-10-11,"L20",2,12,"RB","233_NA",1,NA,12341,586
2013-10-11,"L20",2,11,"RB","236_NA",1,NA,12340,586
2013-10-11,"L20",2,2,"RB","389_NA",4,NA,12331,586
2013-10-11,"L20",2,13,"RB","227_NA",1,NA,12342,586
2013-10-11,"L20",2,4,"RB","396_NA",4,NA,12333,586
2013-10-11,"L20",2,9,"RB","280_NA",2,NA,12338,586
2013-10-11,"L20",2,1,"RB","251_NA",1,12224,NA,586
2013-10-11,"L20",2,8,"RB","235_NA",1,NA,12337,586
2013-10-11,"L20",2,10,"RB","235_NA",1,NA,12339,586
2013-10-15,"L20",3,2,"RB","231_154",1,12340,NA,521
2013-10-15,"L20",3,7,"RB","243_151",1,NA,12493,521
2013-10-15,"L20",3,6,"RB","232_173",1,NA,12492,521
2013-10-15,"L20",3,9,"RB","105_12",0,NA,NA,521
2013-10-15,"L20",3,8,"RB","260_194",1,NA,12494,521
2013-10-15,"L20",3,5,"RB","416_667",7,NA,12491,521
2013-10-15,"L20",3,1,"RB","221_137",1,12151,NA,521
2013-10-15,"L20",3,4,"RB","439_771",6,11430,NA,521
2013-10-15,"L20",3,3,"RB","215_109",1,12426,NA,521
2013-10-19,"L20",4,1,"RB","312_322",2,12336,NA,534
2013-10-19,"L20",4,8,"BT","599_1993",NA,NA,NA,534
2013-10-19,"L20",4,3,"RB","233_162",1,12490,NA,534
2013-10-19,"L20",4,2,"RB","219_160",1,12148,NA,534
2013-10-19,"L20",4,7,"RB","93_12",0,NA,NA,534
2013-10-19,"L20",4,5,"RB","228_131",1,NA,12746,534
2013-10-19,"L20",4,4,"RB","232_159",1,12337,NA,534
2013-10-19,"L20",4,6,"RB","218_121",1,NA,12747,534
2013-10-23,"L20",5,2,"RB","229_142",1,12340,NA,528
2013-10-23,"L20",5,1,"RB","437_786",6,11430,NA,528
2013-10-23,"L20",5,4,"RB","387_599",4,12332,NA,528
2013-10-23,"L20",5,5,"RB","252_190",1,NA,12815,528
2013-10-23,"L20",5,3,"RB","257_204",1,12774,NA,528
2013-10-07,"L21",1,6,"RB","222_147",1,NA,12163,618
2013-10-07,"L21",1,2,"RB","237_165",1,NA,12159,618
2013-10-07,"L21",1,1,"RB","437_1094",6,NA,12158,618
2013-10-07,"L21",1,5,"RB","238_170",1,NA,12162,618
2013-10-07,"L21",1,4,"RB","221_147",1,NA,12161,618
2013-10-07,"L21",1,3,"RB","221_115",1,NA,12160,618
2013-10-11,"L21",2,5,"RB","220_NA",1,NA,12345,592
2013-10-11,"L21",2,8,"RB","230_NA",1,NA,12348,592
2013-10-11,"L21",2,2,"RB","334_NA",2,12250,NA,592
2013-10-11,"L21",2,3,"RB","367_NA",4,NA,12343,592
2013-10-11,"L21",2,1,"RB","439_NA",4,11676,NA,592
2013-10-11,"L21",2,4,"RB","217_NA",1,NA,12344,592
2013-10-11,"L21",2,6,"RB","212_NA",1,NA,12346,592
2013-10-11,"L21",2,7,"RB","227_NA",1,NA,12347,592
2013-10-15,"L21",3,9,"RB","232_154",1,NA,12500,572
2013-10-15,"L21",3,6,"RB","224_124",1,NA,12497,572
2013-10-15,"L21",3,10,"RB","154_39",0,NA,NA,572
2013-10-15,"L21",3,3,"RB","282_292",2,12229,NA,572
2013-10-15,"L21",3,1,"RB","227_154",1,12347,NA,572
2013-10-15,"L21",3,5,"RB","227_126",1,NA,12496,572
2013-10-15,"L21",3,7,"RB","217_127",1,NA,12498,572
2013-10-15,"L21",3,2,"RB","229_147",1,12348,NA,572
2013-10-15,"L21",3,8,"RB","213_97",1,NA,12499,572
2013-10-15,"L21",3,4,"RB","221_139",1,NA,12495,572
2013-10-19,"L21",4,2,"RB","222_141",1,12161,NA,551
2013-10-19,"L21",4,6,"RB","353_481",2,NA,12750,551
2013-10-19,"L21",4,3,"RB","389_634",3,12431,NA,551
2013-10-19,"L21",4,1,"RB","290_286",2,12532,NA,551
2013-10-19,"L21",4,5,"RB","225_156",1,NA,12749,551
2013-10-19,"L21",4,4,"RB","314_357",2,NA,12748,551
2013-10-19,"L21",4,8,"RB","216_107",1,NA,12752,551
2013-10-19,"L21",4,9,"RB","94_10",0,NA,NA,551
2013-10-19,"L21",4,7,"RB","226_126",1,NA,12751,551
2013-10-23,"L21",5,5,"RB","226_134",1,NA,12820,545
2013-10-23,"L21",5,6,"RB","207_95",1,NA,12821,545
2013-10-23,"L21",5,2,"RB","237_153",1,NA,12817,545
2013-10-23,"L21",5,8,"RB","250_177",1,NA,12823,545
2013-10-23,"L21",5,1,"RB","227_133",1,NA,12816,545
2013-10-23,"L21",5,3,"RB","385_717",4,NA,12818,545
2013-10-23,"L21",5,7,"RB","233_163",1,NA,12822,545
2013-10-23,"L21",5,4,"RB","346_405",2,NA,12819,545
2013-10-23,"L21",5,9,"RB","194_82",1,NA,NA,545
2013-10-08,"L22",1,22,"RB","333_437",2,NA,12256,667
2013-10-08,"L22",1,5,"RB","251_176",1,NA,12244,667
2013-10-08,"L22",1,21,"RB","219_127",1,NA,12255,667
2013-10-08,"L22",1,11,"RB","261_217",1,NA,12248,667
2013-10-08,"L22",1,3,"RB","254_199",1,NA,12242,667
2013-10-08,"L22",1,18,"RB","174_69",1,NA,NA,667
2013-10-08,"L22",1,9,"RB","260_204",1,NA,12246,667
2013-10-08,"L22",1,14,"RB","341_445",2,NA,12250,667
2013-10-08,"L22",1,12,"RB","192_91",1,NA,NA,667
2013-10-08,"L22",1,13,"RB","230_165",1,NA,12249,667
2013-10-08,"L22",1,10,"RB","388_647",4,NA,12247,667
2013-10-08,"L22",1,15,"RB","257_195",1,NA,12251,667
2013-10-08,"L22",1,4,"RB","325_397",2,NA,12243,667
2013-10-08,"L22",1,8,"RB","365_541",3,NA,12245,667
2013-10-08,"L22",1,2,"RB","427_811",3,NA,12241,667
2013-10-08,"L22",1,17,"RB","227_156",1,NA,12252,667
2013-10-08,"L22",1,19,"RB","356_563",2,NA,12253,667
2013-10-08,"L22",1,1,"RB","347_435",3,NA,12240,667
2013-10-08,"L22",1,20,"RB","231_165",1,NA,12254,667
2013-10-08,"L22",1,6,"RB","299_321",2,11517,NA,667
2013-10-08,"L22",1,16,"RB","180_80",1,NA,NA,667
2013-10-08,"L22",1,7,"RB","334_446",2,11440,NA,667
2013-10-12,"L22",2,22,"RB","260_212",1,NA,12441,599
2013-10-12,"L22",2,2,"RB","375_635",3,12225,NA,599
2013-10-12,"L22",2,5,"RB","362_447",2,11044,NA,599
2013-10-12,"L22",2,7,"RB","438_847",4,NA,12427,599
2013-10-12,"L22",2,15,"RB","350_479",2,NA,12434,599
2013-10-12,"L22",2,18,"RB","238_144",1,NA,12437,599
2013-10-12,"L22",2,17,"RB","252_165",1,NA,12436,599
2013-10-12,"L22",2,13,"RB","432_863",6,NA,12433,599
2013-10-12,"L22",2,14,"RB","181_63",1,NA,NA,599
2013-10-12,"L22",2,12,"RB","358_532",2,NA,12432,599
2013-10-12,"L22",2,8,"RB","424_712",4,NA,12428,599
2013-10-12,"L22",2,20,"RB","288_264",2,NA,12439,599
2013-10-12,"L22",2,10,"RB","407_755",4,NA,12430,599
2013-10-12,"L22",2,9,"RB","358_457",3,NA,12429,599
2013-10-12,"L22",2,16,"RB","200_79",1,NA,12435,599
2013-10-12,"L22",2,4,"RB","381_573",3,10519,NA,599
2013-10-12,"L22",2,19,"RB","218_112",1,NA,12438,599
2013-10-12,"L22",2,3,"RB","220_108",1,12160,NA,599
2013-10-12,"L22",2,23,"RB","237_151",1,NA,12442,599
2013-10-12,"L22",2,6,"CT","270_233",NA,NA,NA,599
2013-10-12,"L22",2,1,"RB","257_185",1,12246,NA,599
2013-10-12,"L22",2,11,"RB","391_650",3,NA,12431,599
2013-10-12,"L22",2,21,"RB","285_229",1,NA,12440,599
2013-10-16,"L22",3,4,"RB","272_255",1,NA,12537,677
2013-10-16,"L22",3,12,"RB","361_511",3,NA,12545,677
2013-10-16,"L22",3,21,"RB","214_123",1,NA,12554,677
2013-10-16,"L22",3,22,"RB","211_97",1,NA,12555,677
2013-10-16,"L22",3,18,"RB","211_97",1,NA,12551,677
2013-10-16,"L22",3,3,"RB","407_641",4,11610,NA,677
2013-10-16,"L22",3,7,"RB","382_515",4,NA,12540,677
2013-10-16,"L22",3,19,"RB","228_129",1,NA,12552,677
2013-10-16,"L22",3,16,"RB","221_101",1,NA,12549,677
2013-10-16,"L22",3,15,"RB","228_145",1,NA,12548,677
2013-10-16,"L22",3,17,"RB","229_117",1,NA,12550,677
2013-10-16,"L22",3,20,"RB","238_149",1,NA,12553,677
2013-10-16,"L22",3,14,"RB","356_491",3,NA,12547,677
2013-10-16,"L22",3,8,"RB","239_146",1,NA,12541,677
2013-10-16,"L22",3,1,"RB","308_352",2,11868,NA,677
2013-10-16,"L22",3,2,"RB","253_177",1,12251,NA,677
2013-10-16,"L22",3,9,"RB","326_372",2,NA,12542,677
2013-10-16,"L22",3,6,"RB","258_196",1,NA,12539,677
2013-10-16,"L22",3,5,"RB","313_342",2,NA,12538,677
2013-10-16,"L22",3,10,"RB","356_467",3,NA,12543,677
2013-10-16,"L22",3,24,"RB","215_111",1,NA,12557,677
2013-10-16,"L22",3,23,"RB","224_126",1,NA,12556,677
2013-10-16,"L22",3,13,"RB","218_150",1,NA,12546,677
2013-10-16,"L22",3,11,"RB","340_407",3,NA,12544,677
2013-10-20,"L22",4,5,"RB","408_767",4,NA,12778,608
2013-10-20,"L22",4,8,"RB","304_307",4,NA,12781,608
2013-10-20,"L22",4,7,"RB","380_596",2,NA,12780,608
2013-10-20,"L22",4,14,"RB","255_195",1,NA,12787,608
2013-10-20,"L22",4,4,"RB","384_635",4,11844,NA,608
2013-10-20,"L22",4,11,"RB","238_160",1,NA,12784,608
2013-10-20,"L22",4,9,"RB","246_171",1,NA,12782,608
2013-10-20,"L22",4,10,"RB","257_188",1,NA,12783,608
2013-10-20,"L22",4,2,"RB","381_560",4,10918,NA,608
2013-10-20,"L22",4,15,"RB","229_NA",1,NA,12788,608
2013-10-20,"L22",4,3,"RB","365_562",4,12343,NA,608
2013-10-20,"L22",4,1,"RB","356_475",2,12405,NA,608
2013-10-20,"L22",4,6,"RB","329_395",2,NA,12779,608
2013-10-20,"L22",4,12,"RB","266_241",1,NA,12785,608
2013-10-20,"L22",4,13,"RB","270_245",1,NA,12786,608
2013-10-24,"L22",5,5,"RB","373_677",3,NA,12864,614
2013-10-24,"L22",5,8,"RB","253_170",1,NA,12867,614
2013-10-24,"L22",5,1,"RB","356_411",2,12432,NA,614
2013-10-24,"L22",5,11,"RB","145_36",0,NA,NA,614
2013-10-24,"L22",5,6,"RB","336_451",2,NA,12865,614
2013-10-24,"L22",5,2,"RB","258_176",1,12783,NA,614
2013-10-24,"L22",5,4,"RB","359_572",2,NA,12863,614
2013-10-24,"L22",5,9,"RB","247_181",1,NA,12868,614
2013-10-24,"L22",5,7,"RB","240_171",1,NA,12866,614
2013-10-24,"L22",5,10,"RB","222_124",1,NA,12869,614
2013-10-24,"L22",5,3,"RB","295_311",2,11517,NA,614
2013-10-08,"L23",1,4,"RB","322_357",2,NA,12259,617
2013-10-08,"L23",1,2,"RB","180_57",1,NA,NA,617
2013-10-08,"L23",1,8,"RB","192_89",1,NA,NA,617
2013-10-08,"L23",1,5,"RB","278_224",2,NA,12260,617
2013-10-08,"L23",1,9,"RB","242_156",1,NA,12262,617
2013-10-08,"L23",1,11,"RB","395_658",5,11056,NA,617
2013-10-08,"L23",1,3,"RB","235_147",1,NA,12258,617
2013-10-08,"L23",1,6,"RB","182_65",1,NA,NA,617
2013-10-08,"L23",1,7,"RB","231_151",1,NA,12261,617
2013-10-08,"L23",1,1,"RB","205_107",1,NA,12257,617
2013-10-08,"L23",1,10,"RB","121_26",0,NA,NA,617
2013-10-12,"L23",2,11,"RB","232_133",1,NA,12451,596
2013-10-12,"L23",2,6,"RB","250_177",1,NA,12447,596
2013-10-12,"L23",2,3,"RB","386_667",3,NA,12444,596
2013-10-12,"L23",2,5,"RB","267_252",1,NA,12446,596
2013-10-12,"L23",2,8,"RB","221_115",1,NA,12448,596
2013-10-12,"L23",2,10,"RB","207_93",1,NA,12450,596
2013-10-12,"L23",2,4,"RB","346_420",2,NA,12445,596
2013-10-12,"L23",2,13,"RB","234_119",1,NA,12453,596
2013-10-12,"L23",2,2,"RB","310_328",2,NA,12443,596
2013-10-12,"L23",2,14,"RB","193_85",1,NA,NA,596
2013-10-12,"L23",2,12,"RB","311_325",2,NA,12452,596
2013-10-12,"L23",2,7,"RB","193_85",1,NA,NA,596
2013-10-12,"L23",2,15,"SMB","207_149",NA,NA,NA,596
2013-10-12,"L23",2,1,"RB","234_143",1,12258,NA,596
2013-10-12,"L23",2,9,"RB","231_136",1,NA,12449,596
2013-10-16,"L23",3,1,"RB","254_198",1,12425,NA,556
2013-10-16,"L23",3,15,"RB","138_28",0,NA,NA,556
2013-10-16,"L23",3,9,"RB","215_94",1,NA,12562,556
2013-10-16,"L23",3,10,"RB","185_57",0,NA,NA,556
2013-10-16,"L23",3,5,"RB","373_509",3,NA,12558,556
2013-10-16,"L23",3,11,"RB","299_259",2,NA,12563,556
2013-10-16,"L23",3,12,"RB","220_115",1,NA,12564,556
2013-10-16,"L23",3,14,"RB","202_83",1,NA,12566,556
2013-10-16,"L23",3,3,"RB","221_111",1,12448,NA,556
2013-10-16,"L23",3,6,"RB","322_381",2,NA,12559,556
2013-10-16,"L23",3,8,"RB","270_235",1,NA,12561,556
2013-10-16,"L23",3,2,"RB","231_139",1,12350,NA,556
2013-10-16,"L23",3,13,"RB","235_135",1,NA,12565,556
2013-10-16,"L23",3,7,"RB","342_415",2,NA,12560,556
2013-10-16,"L23",3,4,"RB","359_468",2,11649,NA,556
2013-10-20,"L23",4,5,"RB","212_114",1,NA,12793,550
2013-10-20,"L23",4,2,"RB","285_251",1,NA,12790,550
2013-10-20,"L23",4,1,"RB","410_691",2,NA,12789,550
2013-10-20,"L23",4,3,"RB","294_272",2,NA,12791,550
2013-10-20,"L23",4,4,"RB","213_124",1,NA,12792,550
2013-10-20,"L23",4,6,"RB","206_99",1,NA,12794,550
2013-10-24,"L23",5,1,"RB","314_393",2,NA,12870,547
2013-10-24,"L23",5,3,"RB","229_128",1,NA,12872,547
2013-10-24,"L23",5,2,"RB","229_129",1,NA,12871,547
2013-10-07,"L24",1,2,"RB","353_445",3,11617,NA,558
2013-10-07,"L24",1,1,"RB","242_179",1,NA,12164,558
2013-10-11,"L24",2,4,"RB","370_NA",3,NA,12351,562
2013-10-11,"L24",2,2,"CT","273_NA",NA,NA,NA,562
2013-10-11,"L24",2,3,"RB","228_NA",1,NA,12350,562
2013-10-11,"L24",2,1,"RB","241_NA",1,NA,12349,562
2013-10-15,"L24",3,1,"RB","237_137",1,12442,NA,529
2013-10-15,"L24",3,2,"RB","357_474",3,NA,12501,529
2013-10-19,"L24",4,1,"RB","282_271",2,11437,NA,520
2013-10-23,"L24",5,2,"RB","283_279",2,NA,12824,546
2013-10-23,"L24",5,3,"RB","322_360",2,NA,12825,546
2013-10-23,"L24",5,1,"RB","367_453",3,12351,NA,546
2013-10-07,"L25",1,2,"RB","353_537",2,NA,12166,349
2013-10-07,"L25",1,1,"RB","360_525",3,NA,12165,349
2013-10-11,"L25",2,6,"RB","255_NA",1,NA,12356,378
2013-10-11,"L25",2,2,"RB","221_NA",1,NA,12352,378
2013-10-11,"L25",2,8,"RB","326_NA",2,NA,12358,378
2013-10-11,"L25",2,5,"RB","262_NA",1,NA,12355,378
2013-10-11,"L25",2,1,"RB","415_NA",4,11447,NA,378
2013-10-11,"L25",2,7,"RB","217_NA",1,NA,12357,378
2013-10-11,"L25",2,4,"RB","243_NA",2,NA,12354,378
2013-10-11,"L25",2,3,"RB","235_NA",1,NA,12353,378
2013-10-15,"L25",3,2,"RB","223_126",1,NA,12502,359
2013-10-15,"L25",3,1,"RB","239_154",2,12354,NA,359
2013-10-19,"L25",4,1,"RB","300_307",2,12277,NA,341
2013-10-23,"L25",5,3,"RB","405_717",4,NA,12826,357
2013-10-23,"L25",5,2,"RB","200_96",1,12566,NA,357
2013-10-23,"L25",5,5,"RB","333_397",2,NA,12828,357
2013-10-23,"L25",5,1,"RB","384_451",4,11448,NA,357
2013-10-23,"L25",5,4,"RB","253_190",1,NA,12827,357
2013-10-08,"L26",1,6,"RB","265_221",1,NA,12268,346
2013-10-08,"L26",1,3,"RB","364_527",2,NA,12265,346
2013-10-08,"L26",1,5,"RB","249_195",1,NA,12267,346
2013-10-08,"L26",1,1,"RB","405_725",4,NA,12263,346
2013-10-08,"L26",1,2,"RB","395_999",4,NA,12264,346
2013-10-08,"L26",1,8,"RB","414_810",4,11447,NA,346
2013-10-08,"L26",1,7,"RB","201_105",1,NA,12269,346
2013-10-08,"L26",1,4,"RB","250_194",1,NA,12266,346
2013-10-12,"L26",2,1,"RB","412_671",6,10879,NA,362
2013-10-12,"L26",2,2,"RB","260_211",1,NA,12454,362
2013-10-08,"L27",1,2,"RB","334_453",2,NA,12271,607
2013-10-08,"L27",1,15,"RB","208_111",1,NA,12284,607
2013-10-08,"L27",1,16,"RB","242_181",3,NA,12285,607
2013-10-08,"L27",1,3,"RB","332_431",3,NA,12272,607
2013-10-08,"L27",1,11,"RB","210_111",1,NA,12280,607
2013-10-08,"L27",1,7,"RB","324_383",2,NA,12276,607
2013-10-08,"L27",1,5,"RB","257_199",1,NA,12274,607
2013-10-08,"L27",1,8,"RB","298_305",2,NA,12277,607
2013-10-08,"L27",1,9,"RB","225_155",1,NA,12278,607
2013-10-08,"L27",1,6,"RB","278_275",2,NA,12275,607
2013-10-08,"L27",1,10,"RB","216_129",1,NA,12279,607
2013-10-08,"L27",1,17,"RB","240_171",1,NA,12286,607
2013-10-08,"L27",1,12,"RB","240_179",1,NA,12281,607
2013-10-08,"L27",1,1,"RB","304_347",2,NA,12270,607
2013-10-08,"L27",1,18,"RB","190_91",1,NA,NA,607
2013-10-08,"L27",1,19,"RB","307_342",2,11059,NA,607
2013-10-08,"L27",1,13,"RB","231_145",1,NA,12282,607
2013-10-08,"L27",1,14,"RB","366_598",2,NA,12283,607
2013-10-08,"L27",1,4,"RB","227_153",1,NA,12273,607
2013-10-08,"L27",1,20,"RB","329_433",2,11541,NA,607
2013-10-12,"L27",2,3,"RB","383_629",3,10369,NA,604
2013-10-12,"L27",2,8,"RB","263_221",1,NA,12456,604
2013-10-12,"L27",2,11,"RB","300_299",2,NA,12459,604
2013-10-12,"L27",2,10,"RB","242_154",1,NA,12458,604
2013-10-12,"L27",2,12,"RB","250_187",1,NA,12460,604
2013-10-12,"L27",2,6,"RB","306_332",4,11545,NA,604
2013-10-12,"L27",2,7,"RB","286_287",2,NA,12455,604
2013-10-12,"L27",2,2,"RB","301_335",2,12270,NA,604
2013-10-12,"L27",2,5,"RB","307_323",2,11059,NA,604
2013-10-12,"L27",2,1,"RB","330_413",3,12272,NA,604
2013-10-12,"L27",2,9,"RB","243_168",1,NA,12457,604
2013-10-12,"L27",2,4,"RB","310_339",2,11542,NA,604
2013-10-16,"L27",3,9,"RB","219_126",1,NA,12573,586
2013-10-16,"L27",3,3,"RB","380_560",4,NA,12567,586
2013-10-16,"L27",3,4,"RB","366_421",3,NA,12568,586
2013-10-16,"L27",3,7,"RB","215_127",1,NA,12571,586
2013-10-16,"L27",3,6,"RB","241_174",1,NA,12570,586
2013-10-16,"L27",3,5,"RB","234_139",1,NA,12569,586
2013-10-16,"L27",3,1,"RB","340_424",3,11842,NA,586
2013-10-16,"L27",3,2,"RB","343_478",3,11134,NA,586
2013-10-16,"L27",3,8,"RB","219_127",1,NA,12572,586
2013-10-20,"L27",4,3,"RB","255_195",1,NA,12796,568
2013-10-20,"L27",4,4,"RB","236_141",1,NA,12797,568
2013-10-20,"L27",4,1,"RB","367_433",3,NA,12795,568
2013-10-20,"L27",4,2,"RB","196_92",1,NA,NA,568
2013-10-20,"L27",4,5,"RB","134_27",0,NA,NA,568
2013-10-24,"L27",5,1,"RB","374_583",4,12567,NA,588
2013-10-24,"L27",5,7,"RB","199_88",1,NA,NA,588
2013-10-24,"L27",5,6,"RB","198_78",1,NA,NA,588
2013-10-24,"L27",5,5,"RB","257_222",1,NA,12874,588
2013-10-24,"L27",5,4,"RB","314_367",2,NA,12873,588
2013-10-24,"L27",5,2,"RB","365_425",3,12568,NA,588
2013-10-24,"L27",5,3,"RB","418_677",4,12167,NA,588
2013-10-07,"L28",1,1,"RB","418_657",4,NA,12167,596
2013-10-07,"L28",1,2,"RB","270_216",1,NA,12168,596
2013-10-07,"L28",1,4,"RB","380_495",3,NA,12170,596
2013-10-07,"L28",1,6,"RB","382_610",4,11644,NA,596
2013-10-07,"L28",1,3,"RB","230_147",1,NA,12169,596
2013-10-07,"L28",1,5,"RB","379_665",4,11450,NA,596
2013-10-07,"L28",1,7,"RB","323_380",2,11096,NA,596
2013-10-11,"L28",2,4,"RB","206_NA",1,NA,12360,571
2013-10-11,"L28",2,1,"RB","320_380",2,11096,NA,571
2013-10-11,"L28",2,9,"RB","219_NA",1,NA,12365,571
2013-10-11,"L28",2,3,"RB","342_NA",2,NA,12359,571
2013-10-11,"L28",2,10,"RB","238_NA",1,NA,12366,571
2013-10-11,"L28",2,5,"RB","250_NA",1,NA,12361,571
2013-10-11,"L28",2,11,"RB","281_NA",2,NA,12367,571
2013-10-11,"L28",2,7,"RB","228_NA",1,NA,12363,571
2013-10-11,"L28",2,6,"RB","232_NA",1,NA,12362,571
2013-10-11,"L28",2,2,"RB","230_NA",1,12169,NA,571
2013-10-11,"L28",2,8,"RB","390_NA",3,NA,12364,571
2013-10-15,"L28",3,2,"RB","337_397",2,NA,12503,522
2013-10-15,"L28",3,6,"RB","200_98",1,NA,12507,522
2013-10-15,"L28",3,5,"RB","232_148",1,NA,12506,522
2013-10-15,"L28",3,4,"RB","374_605",3,NA,12505,522
2013-10-15,"L28",3,1,"RB","215_115",1,12365,NA,522
2013-10-15,"L28",3,8,"RB","247_166",1,NA,12509,522
2013-10-15,"L28",3,9,"RB","228_137",1,NA,12510,522
2013-10-15,"L28",3,3,"RB","334_394",2,NA,12504,522
2013-10-15,"L28",3,7,"RB","249_159",1,NA,12508,522
2013-10-19,"L28",4,1,"RB","408_970",4,NA,12753,503
2013-10-19,"L28",4,2,"RB","336_338",2,NA,12754,503
2013-10-23,"L28",5,6,"RB","242_156",1,NA,12834,476
2013-10-23,"L28",5,1,"RB","317_384",2,NA,12829,476
2013-10-23,"L28",5,2,"RB","322_405",4,NA,12830,476
2013-10-23,"L28",5,5,"RB","228_145",1,NA,12833,476
2013-10-23,"L28",5,4,"RB","317_409",2,NA,12832,476
2013-10-23,"L28",5,3,"RB","265_211",1,NA,12831,476
2013-10-17,"L31",0,1,"RB","350_367",3,11395,NA,558
2013-10-17,"L31",0,11,"RB","220_133",1,NA,12582,558
2013-10-17,"L31",0,8,"RB","234_170",1,NA,12579,558
2013-10-17,"L31",0,3,"RB","396_711",3,NA,12574,558
2013-10-17,"L31",0,2,"RB","293_270",2,11691,NA,558
2013-10-17,"L31",0,14,"RB","238_163",1,NA,12585,558
2013-10-17,"L31",0,12,"RB","224_132",1,NA,12583,558
2013-10-17,"L31",0,13,"RB","223_141",1,NA,12584,558
2013-10-17,"L31",0,6,"RB","365_517",3,NA,12577,558
2013-10-17,"L31",0,9,"RB","273_145",1,NA,12580,558
2013-10-17,"L31",0,5,"RB","372_561",3,NA,12576,558
2013-10-17,"L31",0,10,"RB","287_273",2,NA,12581,558
2013-10-17,"L31",0,4,"RB","361_565",3,NA,12575,558
2013-10-17,"L31",0,7,"RB","188_91",1,NA,12578,558
2013-10-18,"L32",0,1,"RB","348_441",3,10293,NA,483
2013-10-18,"L32",0,3,"RB","356_395",2,NA,12655,483
2013-10-18,"L32",0,5,"RB","227_137",1,NA,12657,483
2013-10-18,"L32",0,4,"RB","224_141",1,NA,12656,483
2013-10-18,"L32",0,6,"RB","142_31",0,NA,NA,483
2013-10-18,"L32",0,2,"RB","364_509",2,NA,12654,483
2013-10-18,"L33",0,15,"RB","192_70",1,NA,NA,475
2013-10-18,"L33",0,7,"RB","232_146",1,NA,12663,475
2013-10-18,"L33",0,1,"RB","228_126",1,12602,NA,475
2013-10-18,"L33",0,13,"RB","220_121",1,NA,12669,475
2013-10-18,"L33",0,9,"RB","250_173",1,NA,12665,475
2013-10-18,"L33",0,2,"RB","386_795",4,NA,12658,475
2013-10-18,"L33",0,14,"RB","250_169",1,NA,12670,475
2013-10-18,"L33",0,3,"RB","366_505",3,NA,12659,475
2013-10-18,"L33",0,8,"RB","294_299",2,NA,12664,475
2013-10-18,"L33",0,10,"RB","229_142",1,NA,12666,475
2013-10-18,"L33",0,12,"RB","224_123",1,NA,12668,475
2013-10-18,"L33",0,6,"RB","226_131",1,NA,12662,475
2013-10-18,"L33",0,4,"RB","355_452",2,NA,12660,475
2013-10-18,"L33",0,5,"RB","300_309",2,NA,12661,475
2013-10-18,"L33",0,11,"RB","232_150",1,NA,12667,475
2013-10-18,"L33",0,16,"RB","156_49",0,NA,NA,475
2013-10-17,"L34",0,13,"RB","261_220",1,NA,12596,425
2013-10-17,"L34",0,22,"RB","219_117",1,NA,12603,425
2013-10-17,"L34",0,16,"RB","215_127",1,NA,12599,425
2013-10-17,"L34",0,21,"RB","224_128",1,NA,12602,425
2013-10-17,"L34",0,20,"RB","236_149",1,NA,12601,425
2013-10-17,"L34",0,7,"RB","333_399",3,NA,12590,425
2013-10-17,"L34",0,9,"RB","222_130",1,NA,12592,425
2013-10-17,"L34",0,12,"RB","348_509",6,NA,12595,425
2013-10-17,"L34",0,15,"RB","340_405",3,NA,12598,425
2013-10-17,"L34",0,3,"RB","365_545",3,NA,12586,425
2013-10-17,"L34",0,17,"RB","334_381",3,NA,12600,425
2013-10-17,"L34",0,5,"RB","400_721",4,NA,12588,425
2013-10-17,"L34",0,2,"RB","325_416",2,11282,NA,425
2013-10-17,"L34",0,23,"RB","241_160",1,NA,12604,425
2013-10-17,"L34",0,24,"RB","216_133",1,NA,12605,425
2013-10-17,"L34",0,1,"RB","319_342",2,11359,NA,425
2013-10-17,"L34",0,4,"RB","297_291",2,NA,12587,425
2013-10-17,"L34",0,8,"RB","411_867",6,NA,12591,425
2013-10-17,"L34",0,14,"RB","249_203",1,NA,12597,425
2013-10-17,"L34",0,18,"RB","104_16",0,NA,NA,425
2013-10-17,"L34",0,11,"RB","228_146",1,NA,12594,425
2013-10-17,"L34",0,19,"RB","137_26",0,NA,NA,425
2013-10-17,"L34",0,10,"RB","245_183",1,NA,12593,425
2013-10-17,"L34",0,6,"RB","223_124",1,NA,12589,425
2013-10-17,"L35",0,7,"RB","229_134",1,NA,12612,422
2013-10-17,"L35",0,4,"RB","234_122",1,NA,12609,422
2013-10-17,"L35",0,5,"RB","222_134",1,NA,12610,422
2013-10-17,"L35",0,9,"RB","206_84",1,NA,12614,422
2013-10-17,"L35",0,8,"RB","228_146",1,NA,12613,422
2013-10-17,"L35",0,2,"RB","226_246",1,NA,12607,422
2013-10-17,"L35",0,1,"RB","202_100",1,NA,12606,422
2013-10-17,"L35",0,3,"RB","316_360",2,NA,12608,422
2013-10-17,"L35",0,6,"RB","346_421",3,NA,12611,422
2013-10-18,"L36",0,2,"RB","323_340",2,11752,NA,458
2013-10-18,"L36",0,9,"RB","216_151",1,NA,12677,458
2013-10-18,"L36",0,3,"RB","357_499",3,NA,12671,458
2013-10-18,"L36",0,1,"RB","311_379",2,11709,NA,458
2013-10-18,"L36",0,6,"RB","286_291",2,NA,12674,458
2013-10-18,"L36",0,10,"RB","225_174",1,NA,12678,458
2013-10-18,"L36",0,11,"RB","229_176",1,NA,12679,458
2013-10-18,"L36",0,4,"RB","357_555",2,NA,12672,458
2013-10-18,"L36",0,8,"RB","213_159",1,NA,12676,458
2013-10-18,"L36",0,13,"RB","190_121",1,NA,NA,458
2013-10-18,"L36",0,5,"RB","344_532",3,NA,12673,458
2013-10-18,"L36",0,12,"RB","210_145",1,NA,12680,458
2013-10-18,"L36",0,14,"RB","112_44",0,NA,NA,458
2013-10-18,"L36",0,7,"RB","278_284",1,NA,12675,458
2013-10-18,"L37",0,1,"RB","347_377",3,NA,12681,492
2013-10-18,"L37",0,7,"RB","261_212",1,NA,12687,492
2013-10-18,"L37",0,3,"RB","365_578",2,NA,12683,492
2013-10-18,"L37",0,10,"RB","190_76",1,NA,NA,492
2013-10-18,"L37",0,12,"RB","97_11",0,NA,NA,492
2013-10-18,"L37",0,8,"RB","222_125",1,NA,12688,492
2013-10-18,"L37",0,4,"RB","304_336",2,NA,12684,492
2013-10-18,"L37",0,2,"RB","345_405",3,NA,12682,492
2013-10-18,"L37",0,9,"RB","213_103",1,NA,12689,492
2013-10-18,"L37",0,11,"RB","208_101",1,NA,12690,492
2013-10-18,"L37",0,6,"RB","230_135",1,NA,12686,492
2013-10-18,"L37",0,5,"RB","301_306",2,NA,12685,492
2013-10-17,"L38",0,7,"RB","217_147",1,NA,12621,650
2013-10-17,"L38",0,3,"RB","206_104",1,NA,12617,650
2013-10-17,"L38",0,9,"RB","361_509",3,NA,12623,650
2013-10-17,"L38",0,4,"RB","250_197",1,NA,12618,650
2013-10-17,"L38",0,6,"RB","233_157",1,NA,12620,650
2013-10-17,"L38",0,10,"RB","212_116",1,NA,12624,650
2013-10-17,"L38",0,11,"RB","213_108",1,NA,12625,650
2013-10-17,"L38",0,2,"RB","234_147",1,NA,12616,650
2013-10-17,"L38",0,1,"RB","225_224",1,NA,12615,650
2013-10-17,"L38",0,8,"RB","248_197",1,NA,12622,650
2013-10-17,"L38",0,5,"RB","239_157",1,NA,12619,650
2013-10-17,"L39",0,2,"RB","208_111",1,NA,12627,376
2013-10-17,"L39",0,1,"RB","341_429",2,NA,12626,376
2013-10-18,"L40",0,1,"RB","328_362",2,NA,12691,481
2013-10-18,"L41",0,2,"RB","228_204",1,NA,12693,574
2013-10-18,"L41",0,1,"RB","356_465",3,NA,12692,574
2013-10-17,"L42",0,2,"RB","305_356",2,NA,12629,604
2013-10-17,"L42",0,1,"RB","326_460",2,NA,12628,604
2013-10-17,"L43",0,2,"RB","233_134",1,NA,12631,398
2013-10-17,"L43",0,1,"RB","220_107",1,NA,12630,398
2013-10-18,"L44",0,1,"RB","241_165",1,NA,12694,390
2013-10-18,"L44",0,2,"RB","211_141",1,NA,12695,390
2013-10-18,"L45",0,1,"RB","302_336",2,11764,NA,367
2013-10-18,"L45",0,5,"RB","226_126",1,NA,12699,367
2013-10-18,"L45",0,4,"RB","238_175",1,NA,12698,367
2013-10-18,"L45",0,6,"RB","212_117",1,NA,12700,367
2013-10-18,"L45",0,2,"RB","399_721",5,NA,12696,367
2013-10-18,"L45",0,3,"RB","242_162",1,NA,12697,367
2013-10-17,"L46",0,4,"RB","211_95",1,NA,12635,348
2013-10-17,"L46",0,7,"RB","224_140",1,NA,12638,348
2013-10-17,"L46",0,6,"RB","364_293",3,NA,12637,348
2013-10-17,"L46",0,1,"RB","368_564",3,NA,12632,348
2013-10-17,"L46",0,2,"RB","387_650",5,NA,12633,348
2013-10-17,"L46",0,3,"RB","376_584",3,NA,12634,348
2013-10-17,"L46",0,5,"RB","208_103",1,NA,12636,348
2013-10-17,"L47",0,4,"BT","594_1830",NA,NA,NA,617
2013-10-17,"L47",0,1,"RB","304_325",2,NA,12639,617
2013-10-17,"L47",0,2,"BT","570_2123",NA,NA,NA,617
2013-10-17,"L47",0,3,"BT","452_976",NA,NA,NA,617
2013-10-18,"L48",0,5,"RB","315_335",2,NA,12705,482
2013-10-18,"L48",0,6,"RB","227_156",1,NA,12706,482
2013-10-18,"L48",0,3,"RB","223_129",1,NA,12703,482
2013-10-18,"L48",0,9,"RB","106_14",0,NA,NA,482
2013-10-18,"L48",0,10,"RB","159_43",0,NA,NA,482
2013-10-18,"L48",0,8,"RB","101_12",0,NA,NA,482
2013-10-18,"L48",0,7,"RB","230_152",1,NA,12707,482
2013-10-18,"L48",0,4,"RB","233_186",1,NA,12704,482
2013-10-18,"L48",0,1,"RB","396_726",3,NA,12701,482
2013-10-18,"L48",0,2,"RB","326_451",2,NA,12702,482
2013-10-18,"L49",0,15,"RB","353_505",2,NA,12720,476
2013-10-18,"L49",0,6,"RB","373_537",3,NA,12711,476
2013-10-18,"L49",0,16,"RB","367_692",3,NA,12721,476
2013-10-18,"L49",0,17,"RB","308_381",2,NA,12722,476
2013-10-18,"L49",0,9,"RB","354_581",2,NA,12714,476
2013-10-18,"L49",0,5,"RB","387_781",4,NA,12710,476
2013-10-18,"L49",0,13,"RB","357_599",2,NA,12718,476
2013-10-18,"L49",0,7,"RB","380_635",4,NA,12712,476
2013-10-18,"L49",0,18,"RB","283_337",2,NA,12723,476
2013-10-18,"L49",0,4,"RB","441_881",5,NA,12709,476
2013-10-18,"L49",0,11,"RB","378_621",3,NA,12716,476
2013-10-18,"L49",0,2,"RB","397_707",4,11331,NA,476
2013-10-18,"L49",0,14,"RB","350_564",2,NA,12719,476
2013-10-18,"L49",0,1,"RB","328_443",2,11637,NA,476
2013-10-18,"L49",0,10,"RB","278_282",1,NA,12715,476
2013-10-18,"L49",0,12,"RB","388_727",3,NA,12717,476
2013-10-18,"L49",0,3,"RB","346_560",3,NA,12708,476
2013-10-18,"L49",0,8,"RB","355_542",2,NA,12713,476
2013-10-18,"L49",0,19,"RB","240_191",1,NA,12724,476
2013-10-17,"L50",0,6,"RB","377_714",3,NA,12643,598
2013-10-17,"L50",0,9,"RB","266_250",1,NA,12645,598
2013-10-17,"L50",0,3,"RB","414_876",7,NA,12641,598
2013-10-17,"L50",0,8,"RB","365_445",3,NA,12644,598
2013-10-17,"L50",0,5,"RB","364_526",3,NA,12642,598
2013-10-17,"L50",0,7,"RB","194_90",1,NA,NA,598
2013-10-17,"L50",0,12,"RB","420_815",4,NA,12648,598
2013-10-17,"L50",0,4,"RB","173_67",1,NA,NA,598
2013-10-17,"L50",0,2,"RB","269_216",1,NA,12640,598
2013-10-17,"L50",0,10,"RB","327_399",2,NA,12646,598
2013-10-17,"L50",0,1,"RB","393_779",3,11734,NA,598
2013-10-17,"L50",0,11,"RB","275_275",1,NA,12647,598
2013-10-17,"L51",0,3,"RB","257_234",1,NA,12650,396
2013-10-17,"L51",0,6,"RB","119_20",0,NA,NA,396
2013-10-17,"L51",0,7,"RB","426_792",3,NA,12652,396
2013-10-17,"L51",0,5,"RB","137_34",0,NA,NA,396
2013-10-17,"L51",0,8,"RB","277_259",2,NA,12653,396
2013-10-17,"L51",0,2,"RB","416_742",2,NA,12649,396
2013-10-17,"L51",0,4,"RB","393_655",3,NA,12651,396
2013-10-17,"L51",0,1,"RB","393_675",5,11821,NA,396
2013-10-18,"L52",0,2,"RB","408_723",4,NA,12726,456
2013-10-18,"L52",0,12,"RB","124_27",0,NA,NA,456
2013-10-18,"L52",0,4,"RB","376_697",3,NA,12728,456
2013-10-18,"L52",0,10,"RB","281_272",2,NA,12734,456
2013-10-18,"L52",0,6,"RB","397_747",3,NA,12730,456
2013-10-18,"L52",0,1,"RB","395_756",3,NA,12725,456
2013-10-18,"L52",0,5,"RB","356_712",2,NA,12729,456
2013-10-18,"L52",0,8,"RB","380_666",3,NA,12732,456
2013-10-18,"L52",0,11,"RB","248_191",1,NA,12735,456
2013-10-18,"L52",0,7,"RB","365_633",3,NA,12731,456
2013-10-18,"L52",0,9,"RB","246_177",3,NA,12733,456
2013-10-18,"L52",0,3,"RB","354_561",2,NA,12727,456
