Date,Year,Pass,Site No.,FishNo,Species ,FinLength,Weight,ScaleAge,CapturedFloyTagNo,AppliedFloyTagNo,ActiveFloyTagNo,CapturedPITTagNo,AppliedPITTagNo,ActivePITTagNo,AgeMethod
10/11/2013,2013,2,L17,1,RB,346,,6,10259,,10259,9.85121E+14,,9.85121E+14,SCA
10/18/2013,2013,0,L32,1,RB,348,441,3,10293,,10293,,9.85121E+14,9.85121E+14,RA
10/12/2013,2013,2,L27,3,RB,383,629,3,10369,,10369,9.85121E+14,,9.85121E+14,RA
10/8/2013,2013,1,L02,11,RB,373,549,4,10432,,10432,,9.85121E+14,9.85121E+14,RA
10/16/2013,2013,3,L02,2,RB,372,535,4,10432,,10432,9.85121E+14,,9.85121E+14,RA
10/11/2013,2013,2,L05,1,RB,380,,4,10435,,10435,,9.85121E+14,9.85121E+14,RA
10/12/2013,2013,2,L22,4,RB,381,573,3,10519,,10519,9.85121E+14,,9.85121E+14,RA
10/12/2013,2013,2,L10,2,RB,407,733,4,10647,,10647,9.85101E+14,,9.85121E+14,SCA
10/20/2013,2013,4,L15,2,RB,363,535,3,10847,,10847,9.85121E+14,,9.85121E+14,SCA
10/24/2013,2013,5,L19,1,RB,348,451,3,10854,,10854,9.85121E+14,,9.85121E+14,SCA
10/12/2013,2013,2,L26,1,RB,412,671,6,10879,,10879,9.85121E+14,,9.85121E+14,SCA
10/23/2013,2013,5,L17,1,RB,369,608,3,10911,,10911,9.85121E+14,,9.85121E+14,SCA
10/20/2013,2013,4,L22,2,RB,381,560,4,10918,,10918,9.85121E+14,,9.85121E+14,SCA
10/8/2013,2013,1,L03,3,RB,390,763,3,10938,,10938,9.85121E+14,,9.85121E+14,SCA
10/12/2013,2013,2,L11,3,RB,360,555,4,10945,,10945,9.85121E+14,,9.85121E+14,SCA
10/7/2013,2013,1,L08,6,RB,363,502,4,10993,,10993,9.85121E+14,,9.85121E+14,SCA
10/12/2013,2013,2,L15,3,RB,393,665,5,11004,,11004,9.85121E+14,,9.85121E+14,SCA
10/11/2013,2013,2,L16,5,RB,395,,5,11004,,11004,9.85121E+14,,9.85121E+14,SCA
10/12/2013,2013,2,L07,2,RB,392,730,3,11018,,11018,,9.85121E+14,9.85121E+14,RA
10/8/2013,2013,1,L10,10,RB,329,395,2,11027,,11027,,9.85121E+14,9.85121E+14,RA
10/12/2013,2013,2,L22,5,RB,362,447,2,11044,,11044,,9.85121E+14,9.85121E+14,RA
10/8/2013,2013,1,L23,11,RB,395,658,5,11056,,11056,9.85121E+14,,9.85121E+14,SCA
10/8/2013,2013,1,L27,19,RB,307,342,2,11059,,11059,,9.85121E+14,9.85121E+14,RA
10/12/2013,2013,2,L27,5,RB,307,323,2,11059,,11059,9.85121E+14,,9.85121E+14,RA
10/11/2013,2013,2,L28,1,RB,320,380,2,11096,,11096,9.85121E+14,,9.85121E+14,RA
10/7/2013,2013,1,L28,7,RB,323,380,2,11096,,11096,9.85121E+14,,9.85121E+14,RA
10/16/2013,2013,3,L27,2,RB,343,478,3,11134,,11134,9.85121E+14,,9.85121E+14,RA
10/19/2013,2013,4,L08,1,RB,376,551,4,11153,,11153,9.85121E+14,,9.85121E+14,RA
10/16/2013,2013,3,L02,1,RB,357,448,2,11182,,11182,,9.85121E+14,9.85121E+14,RA
10/11/2013,2013,2,L04,3,RB,364,564,3,11232,,11232,9.85121E+14,,9.85121E+14,RA
10/19/2013,2013,4,L13,1,RB,346,431,2,11243,,11243,,9.85121E+14,9.85121E+14,RA
10/17/2013,2013,0,L34,2,RB,325,416,2,11282,,11282,9.85121E+14,,9.85121E+14,RA
10/18/2013,2013,0,L49,2,RB,397,707,4,11331,,11331,,9.85121E+14,9.85121E+14,RA
10/17/2013,2013,0,L34,1,RB,319,342,2,11359,,11359,9.85121E+14,,9.85121E+14,RA
10/17/2013,2013,0,L31,1,RB,350,367,3,11395,,11395,9.85121E+14,,9.85121E+14,RA
10/15/2013,2013,3,L05,1,RB,310,312,2,11399,,11399,9.85121E+14,,9.85121E+14,SCA
10/15/2013,2013,3,L08,2,RB,394,629,4,11403,,11403,9.85121E+14,,9.85121E+14,SCA
10/11/2013,2013,2,L09,1,RB,310,,2,11409,,11409,9.85121E+14,,9.85121E+14,SCA
10/7/2013,2013,1,L09,3,RB,290,265,2,11410,,11410,9.85121E+14,,9.85121E+14,SCA
10/24/2013,2013,5,L15,3,RB,338,444,4,11415,,11415,9.85121E+14,,9.85121E+14,SCA
10/24/2013,2013,5,L15,2,RB,340,432,2,11420,,11420,9.85121E+14,,9.85121E+14,SCA
10/23/2013,2013,5,L20,1,RB,437,786,6,11430,,11430,9.85121E+14,,9.85121E+14,SCA
10/15/2013,2013,3,L20,4,RB,439,771,6,11430,,11430,9.85121E+14,,9.85121E+14,SCA
10/19/2013,2013,4,L24,1,RB,282,271,2,11437,,11437,9.85121E+14,,9.85121E+14,SCA
10/8/2013,2013,1,L22,7,RB,334,446,2,11440,,11440,9.85121E+14,,9.85121E+14,SCA
10/8/2013,2013,1,L26,8,RB,414,810,4,11447,,11447,,9.85121E+14,9.85121E+14,RA
10/11/2013,2013,2,L25,1,RB,415,,4,11447,,11447,9.85121E+14,,9.85121E+14,RA
10/23/2013,2013,5,L25,1,RB,384,451,4,11448,,11448,9.85121E+14,,9.85121E+14,SCA
10/7/2013,2013,1,L28,5,RB,379,665,4,11450,,11450,9.85121E+14,,9.85121E+14,SCA
10/16/2013,2013,3,L02,3,RB,357,469,3,11455,,11455,9.85121E+14,,9.85121E+14,SCA
10/8/2013,2013,1,L03,4,RB,354,485,3,11458,,11458,9.85121E+14,,9.85121E+14,SCA
10/8/2013,2013,1,L06,5,RB,365,491,4,11462,,11462,9.85121E+14,,9.85121E+14,RA
10/12/2013,2013,2,L10,3,RB,296,330,2,11474,,11474,9.85121E+14,,9.85121E+14,SCA
10/15/2013,2013,3,L12,5,RB,392,490,4,11487,,11487,,9.85121E+14,9.85121E+14,RA
10/24/2013,2013,5,L11,5,RB,337,428,2,11491,,11491,9.85121E+14,,9.85121E+14,SCA
10/7/2013,2013,1,L12,7,RB,363,539,2,11493,,11493,9.85121E+14,,9.85121E+14,SCA
10/20/2013,2013,4,L11,1,RB,363,519,2,11493,,11493,9.85121E+14,,9.85121E+14,SCA
10/24/2013,2013,5,L11,8,RB,313,360,2,11494,,11494,9.85121E+14,,9.85121E+14,SCA
10/12/2013,2013,2,L15,1,RB,320,412,2,11512,,11512,9.85121E+14,,9.85121E+14,SCA
10/24/2013,2013,5,L22,3,RB,295,311,2,11517,,11517,9.85121E+14,,9.85121E+14,SCA
10/8/2013,2013,1,L22,6,RB,299,321,2,11517,,11517,9.85121E+14,,9.85121E+14,SCA
10/8/2013,2013,1,L27,20,RB,329,433,2,11541,,11541,,9.85121E+14,9.85121E+14,RA
10/12/2013,2013,2,L27,4,RB,310,339,2,11542,,11542,9.85121E+14,,9.85121E+14,SCA
10/12/2013,2013,2,L27,6,RB,306,332,4,11545,,11545,9.85121E+14,,9.85121E+14,SCA
10/24/2013,2013,5,L06,1,RB,345,452,3,11579,,11579,9.85121E+14,,9.85121E+14,SCA
10/8/2013,2013,1,L07,12,RB,311,357,2,11581,,11581,9.85121E+14,,9.85121E+14,RA
10/24/2013,2013,5,L11,1,RB,292,332,2,11596,,11596,9.85121E+14,,9.85121E+14,RA
10/23/2013,2013,5,L09,2,RB,316,351,2,11598,,11598,9.85121E+14,,9.85121E+14,RA
10/8/2013,2013,1,L11,9,RB,322,375,2,11598,,11598,9.85121E+14,,9.85121E+14,RA
10/8/2013,2013,1,L18,3,RB,369,531,2,11607,,11607,9.85121E+14,,9.85121E+14,RA
10/16/2013,2013,3,L22,3,RB,407,641,4,11610,,11610,9.85121E+14,,9.85121E+14,SCA
10/7/2013,2013,1,L24,2,RB,353,445,3,11617,,11617,9.85121E+14,,9.85121E+14,RA
10/18/2013,2013,0,L49,1,RB,328,443,2,11637,,11637,9.85121E+14,,9.85121E+14,SCA
10/7/2013,2013,1,L28,6,RB,382,610,4,11644,,11644,9.85121E+14,,9.85121E+14,RA
10/16/2013,2013,3,L23,4,RB,359,468,2,11649,,11649,9.85121E+14,,9.85121E+14,RA
10/12/2013,2013,2,L07,1,RB,420,825,4,11656,,11656,9.85121E+14,,9.85121E+14,SCA
10/16/2013,2013,3,L07,4,RB,297,301,1,11658,,11658,9.85121E+14,,9.85121E+14,RA
10/11/2013,2013,2,L21,1,RB,439,,4,11676,,11676,,9.85121E+14,9.85121E+14,RA
10/17/2013,2013,0,L31,2,RB,293,270,2,11691,,11691,9.85121E+14,,9.85121E+14,SCA
10/18/2013,2013,0,L36,1,RB,311,379,2,11709,,11709,9.85121E+14,,9.85121E+14,RA
10/17/2013,2013,0,L50,1,RB,393,779,3,11734,,11734,,9.85121E+14,9.85121E+14,RA
10/18/2013,2013,0,L36,2,RB,323,340,2,11752,,11752,9.85121E+14,,9.85121E+14,RA
10/18/2013,2013,0,L45,1,RB,302,336,2,11764,,11764,,9.85121E+14,9.85121E+14,RA
10/17/2013,2013,0,L51,1,RB,393,675,5,11821,,11821,9.85121E+14,,9.85121E+14,RA
10/16/2013,2013,3,L27,1,RB,340,424,3,11842,,11842,9.85121E+14,,9.85121E+14,RA
10/20/2013,2013,4,L22,4,RB,384,635,4,11844,,11844,9.85121E+14,,9.85121E+14,RA
10/16/2013,2013,3,L22,1,RB,308,352,2,11868,,11868,9.85121E+14,,9.85121E+14,RA
10/11/2013,2013,2,L01,6,RB,252,175,1,12102,,12102,9.85121E+14,,9.85121E+14,SCA
10/19/2013,2013,4,L05,1,RB,330,441,3,12116,,12116,9.85121E+14,,9.85121E+14,SCA
10/11/2013,2013,2,L08,1,RB,272,,2,12121,,12121,9.85121E+14,,9.85121E+14,SCA
10/15/2013,2013,3,L12,2,RB,240,168,1,12128,,12128,9.85121E+14,,9.85121E+14,SCA
10/15/2013,2013,3,L12,4,RB,243,159,1,12129,,12129,9.85121E+14,,9.85121E+14,SCA
10/11/2013,2013,2,L12,1,RB,246,159,1,12129,,12129,9.85121E+14,,9.85121E+14,SCA
10/15/2013,2013,3,L13,1,RB,240,141,1,12133,,12133,9.85121E+14,,9.85121E+14,SCA
10/24/2013,2013,5,L15,1,RB,351,449,2,12137,,12137,9.85121E+14,,9.85121E+14,SCA
10/11/2013,2013,2,L16,4,RB,223,,1,12138,,12138,9.85121E+14,,9.85121E+14,SCA
10/11/2013,2013,2,L16,2,RB,240,,1,12139,,12139,9.85121E+14,,9.85121E+14,SCA
10/15/2013,2013,3,L16,1,RB,243,162,1,12143,,12143,9.85121E+14,,9.85121E+14,SCA
10/11/2013,2013,2,L16,3,RB,246,,1,12143,,12143,9.85121E+14,,9.85121E+14,SCA
10/19/2013,2013,4,L20,2,RB,219,160,1,12148,,12148,9.85121E+14,,9.85121E+14,SCA
10/15/2013,2013,3,L20,1,RB,221,137,1,12151,,12151,9.85121E+14,,9.85121E+14,SCA
10/12/2013,2013,2,L22,3,RB,220,108,1,12160,,12160,9.85121E+14,,9.85121E+14,SCA
10/19/2013,2013,4,L21,2,RB,222,141,1,12161,,12161,9.85121E+14,,9.85121E+14,SCA
10/24/2013,2013,5,L27,3,RB,418,677,4,12167,,12167,9.85121E+14,,9.85121E+14,SCA
10/11/2013,2013,2,L28,2,RB,230,,1,12169,,12169,9.85121E+14,,9.85121E+14,SCA
10/12/2013,2013,2,L02,1,RB,222,146,1,12176,,12176,9.85121E+14,,9.85121E+14,SCA
10/20/2013,2013,4,L06,1,RB,369,556,3,12183,,12183,9.85121E+14,,9.85121E+14,SCA
10/19/2013,2013,4,L04,1,RB,267,215,1,12184,,12184,9.85121E+14,,9.85121E+14,SCA
10/15/2013,2013,3,L08,1,RB,291,281,1,12185,,12185,9.85121E+14,,9.85121E+14,SCA
10/16/2013,2013,3,L10,2,RB,337,447,2,12190,,12190,9.85121E+14,,9.85121E+14,SCA
10/24/2013,2013,5,L07,1,RB,229,140,1,12191,,12191,9.85121E+14,,9.85121E+14,RA
10/16/2013,2013,3,L07,3,RB,232,135,1,12191,,12191,9.85121E+14,,9.85121E+14,RA
10/16/2013,2013,3,L07,2,RB,345,424,3,12192,,12192,9.85121E+14,,9.85121E+14,SCA
10/16/2013,2013,3,L10,1,RB,325,385,4,12196,,12196,9.85121E+14,,9.85121E+14,SCA
10/19/2013,2013,4,L09,1,RB,296,354,2,12200,,12200,9.85121E+14,,9.85121E+14,SCA
10/12/2013,2013,2,L11,1,RB,236,157,1,12205,,12205,9.85121E+14,,9.85121E+14,RA
10/20/2013,2013,4,L11,5,RB,232,148,1,12209,,12209,9.85121E+14,,9.85121E+14,SCA
10/12/2013,2013,2,L14,1,RB,254,196,1,12213,,12213,9.85121E+14,,9.85121E+14,RA
10/15/2013,2013,3,L16,3,RB,255,199,1,12213,,12213,9.85121E+14,,9.85121E+14,RA
10/20/2013,2013,4,L15,1,RB,253,173,1,12214,,12214,9.85121E+14,,9.85121E+14,RA
10/12/2013,2013,2,L15,2,RB,220,116,1,12217,,12217,9.85121E+14,,9.85121E+14,RA
10/11/2013,2013,2,L20,1,RB,251,,1,12224,,12224,9.85121E+14,,9.85121E+14,RA
10/12/2013,2013,2,L22,2,RB,375,635,3,12225,,12225,9.85121E+14,,9.85121E+14,SCA
10/12/2013,2013,2,L19,2,RB,380,642,3,12225,,12225,9.85121E+14,,9.85121E+14,SCA
10/15/2013,2013,3,L21,3,RB,282,292,2,12229,,12229,9.85121E+14,,9.85121E+14,SCA
10/19/2013,2013,4,L17,1,RB,235,157,1,12231,,12231,9.85121E+14,,9.85121E+14,RA
10/16/2013,2013,3,L19,1,RB,241,148,1,12233,,12233,9.85121E+14,,9.85121E+14,RA
10/12/2013,2013,2,L19,1,RB,253,179,1,12239,,12239,9.85121E+14,,9.85121E+14,RA
10/12/2013,2013,2,L22,1,RB,257,185,1,12246,,12246,9.85121E+14,,9.85121E+14,RA
10/11/2013,2013,2,L21,2,RB,334,,2,12250,,12250,9.85121E+14,,9.85121E+14,SCA
10/16/2013,2013,3,L22,2,RB,253,177,1,12251,,12251,9.85121E+14,,9.85121E+14,RA
10/12/2013,2013,2,L23,1,RB,234,143,1,12258,,12258,9.85121E+14,,9.85121E+14,RA
10/12/2013,2013,2,L27,2,RB,301,335,2,12270,,12270,9.85121E+14,,9.85121E+14,SCA
10/12/2013,2013,2,L27,1,RB,330,413,3,12272,,12272,9.85121E+14,,9.85121E+14,SCA
10/19/2013,2013,4,L25,1,RB,300,307,2,12277,,12277,9.85121E+14,,9.85121E+14,SCA
10/23/2013,2013,5,L08,1,RB,239,178,1,12301,,12301,9.85121E+14,,9.85121E+14,RA
10/19/2013,2013,4,L09,2,RB,293,296,2,12304,,12304,9.85121E+14,,9.85121E+14,SCA
10/15/2013,2013,3,L09,1,RB,295,284,2,12304,,12304,9.85121E+14,,9.85121E+14,SCA
10/15/2013,2013,3,L09,3,RB,218,139,1,12307,,12307,9.85121E+14,,9.85121E+14,RA
10/15/2013,2013,3,L09,2,RB,230,151,1,12309,,12309,9.85121E+14,,9.85121E+14,RA
10/23/2013,2013,5,L09,1,RB,231,147,1,12309,,12309,9.85121E+14,,9.85121E+14,RA
10/12/2013,2013,2,L11,2,RB,330,359,2,12313,,12313,9.85121E+14,,9.85121E+14,SCA
10/20/2013,2013,4,L11,2,RB,366,535,3,12314,,12314,9.85121E+14,,9.85121E+14,SCA
10/15/2013,2013,3,L12,1,RB,235,139,1,12315,,12315,9.85121E+14,,9.85121E+14,RA
10/23/2013,2013,5,L12,1,RB,258,195,1,12316,,12316,9.85121E+14,,9.85121E+14,RA
10/15/2013,2013,3,L12,3,RB,229,137,1,12317,,12317,9.85121E+14,,9.85121E+14,RA
10/24/2013,2013,5,L11,3,RB,222,136,1,12317,,12317,9.85121E+14,,9.85121E+14,RA
10/19/2013,2013,4,L09,3,RB,253,183,1,12318,,12318,9.85121E+14,,9.85121E+14,RA
10/23/2013,2013,5,L13,1,RB,354,452,2,12322,,12322,9.85121E+14,,9.85121E+14,SCA
10/23/2013,2013,5,L16,2,RB,354,456,2,12322,,12322,9.85121E+14,,9.85121E+14,SCA
10/15/2013,2013,3,L16,2,RB,237,161,1,12325,,12325,9.85121E+14,,9.85121E+14,RA
10/16/2013,2013,3,L14,3,RB,260,201,1,12328,,12328,9.85121E+14,,9.85121E+14,RA
10/16/2013,2013,3,L15,1,RB,223,137,1,12329,,12329,9.85121E+14,,9.85121E+14,RA
10/23/2013,2013,5,L20,4,RB,387,599,4,12332,,12332,9.85121E+14,,9.85121E+14,SCA
10/19/2013,2013,4,L20,1,RB,312,322,2,12336,,12336,9.85121E+14,,9.85121E+14,SCA
10/19/2013,2013,4,L20,4,RB,232,159,1,12337,,12337,9.85121E+14,,9.85121E+14,RA
10/15/2013,2013,3,L20,2,RB,231,154,1,12340,,12340,,9.85121E+14,9.85121E+14,RA
10/23/2013,2013,5,L20,2,RB,229,142,1,12340,,12340,9.85121E+14,,9.85121E+14,RA
10/20/2013,2013,4,L22,3,RB,365,562,4,12343,,12343,9.85121E+14,,9.85121E+14,RA
10/15/2013,2013,3,L21,1,RB,227,154,1,12347,,12347,9.85121E+14,,9.85121E+14,RA
10/15/2013,2013,3,L21,2,RB,229,147,1,12348,,12348,9.85121E+14,,9.85121E+14,RA
10/16/2013,2013,3,L23,2,RB,231,139,1,12350,,12350,9.85121E+14,,9.85121E+14,RA
10/23/2013,2013,5,L24,1,RB,367,453,3,12351,,12351,9.85121E+14,,9.85121E+14,SCA
10/15/2013,2013,3,L25,1,RB,239,154,2,12354,,12354,9.85121E+14,,9.85121E+14,RA
10/15/2013,2013,3,L28,1,RB,215,115,1,12365,,12365,9.85121E+14,,9.85121E+14,RA
10/24/2013,2013,5,L02,1,RB,353,534,3,12368,,12368,9.85121E+14,,9.85121E+14,SCA
10/16/2013,2013,3,L02,4,RB,269,185,1,12370,,12370,9.85121E+14,,9.85121E+14,RA
10/20/2013,2013,4,L07,1,RB,300,322,2,12379,,12379,9.85121E+14,,9.85121E+14,SCA
10/20/2013,2013,4,L11,4,RB,223,131,1,12392,,12392,9.85121E+14,,9.85121E+14,RA
10/16/2013,2013,3,L11,1,RB,330,404,2,12398,,12398,9.85121E+14,,9.85121E+14,SCA
10/24/2013,2013,5,L11,2,RB,249,181,1,12402,,12402,9.85121E+14,,9.85121E+14,RA
10/20/2013,2013,4,L22,1,RB,356,475,2,12405,,12405,9.85121E+14,,9.85121E+14,SCA
10/16/2013,2013,3,L14,1,RB,315,343,2,12406,,12406,9.85121E+14,,9.85121E+14,SCA
10/19/2013,2013,4,L16,2,RB,218,121,1,12415,,12415,9.85121E+14,,9.85121E+14,RA
10/16/2013,2013,3,L14,2,RB,233,171,1,12417,,12417,9.85121E+14,,9.85121E+14,RA
10/24/2013,2013,5,L11,7,RB,233,174,1,12417,,12417,9.85121E+14,,9.85121E+14,RA
10/16/2013,2013,3,L19,2,RB,230,140,1,12424,,12424,9.85121E+14,,9.85121E+14,RA
10/16/2013,2013,3,L23,1,RB,254,198,1,12425,,12425,9.85121E+14,,9.85121E+14,RA
10/20/2013,2013,4,L19,1,RB,213,113,1,12426,,12426,9.85121E+14,,9.85121E+14,RA
10/15/2013,2013,3,L20,3,RB,215,109,1,12426,,12426,9.85121E+14,,9.85121E+14,RA
10/19/2013,2013,4,L21,3,RB,389,634,3,12431,,12431,9.85121E+14,,9.85121E+14,SCA
10/24/2013,2013,5,L22,1,RB,356,411,2,12432,,12432,9.85121E+14,,9.85121E+14,SCA
10/15/2013,2013,3,L24,1,RB,237,137,1,12442,,12442,9.85121E+14,,9.85121E+14,RA
10/16/2013,2013,3,L23,3,RB,221,111,1,12448,,12448,9.85121E+14,,9.85121E+14,RA
10/16/2013,2013,3,L07,1,RB,358,569,2,12467,,12467,9.85121E+14,,9.85121E+14,RA
10/20/2013,2013,4,L18,1,RB,245,194,1,12475,,12475,9.85121E+14,,9.85121E+14,RA
10/19/2013,2013,4,L13,2,RB,247,190,1,12475,,12475,9.85121E+14,,9.85121E+14,RA
10/23/2013,2013,5,L12,2,RB,269,249,1,12476,,12476,9.85121E+14,,9.85121E+14,SCA
10/19/2013,2013,4,L16,3,RB,243,151,1,12488,,12488,9.85121E+14,,9.85121E+14,RA
10/19/2013,2013,4,L16,1,RB,241,174,1,12489,,12489,9.85121E+14,,9.85121E+14,RA
10/19/2013,2013,4,L20,3,RB,233,162,1,12490,,12490,9.85121E+14,,9.85121E+14,RA
10/20/2013,2013,4,L10,1,RB,261,229,1,12519,,12519,9.85121E+14,,9.85121E+14,RA
10/24/2013,2013,5,L11,4,RB,242,176,1,12526,,12526,9.85121E+14,,9.85121E+14,RA
10/24/2013,2013,5,L11,6,RB,250,170,1,12527,,12527,9.85121E+14,,9.85121E+14,RA
10/20/2013,2013,4,L11,3,RB,223,151,1,12528,,12528,9.85121E+14,,9.85121E+14,RA
10/19/2013,2013,4,L21,1,RB,290,286,2,12532,,12532,9.85121E+14,,9.85121E+14,SCA
10/23/2013,2013,5,L16,1,RB,206,100,1,12534,,12534,9.85121E+14,,9.85121E+14,RA
10/20/2013,2013,4,L19,2,RB,213,110,1,12534,,12534,9.85121E+14,,9.85121E+14,RA
10/23/2013,2013,5,L25,2,RB,200,96,1,12566,,12566,9.85121E+14,,9.85121E+14,RA
10/24/2013,2013,5,L27,1,RB,374,583,4,12567,,12567,9.85121E+14,,9.85121E+14,RA
10/24/2013,2013,5,L27,2,RB,365,425,3,12568,,12568,9.85121E+14,,9.85121E+14,RA
10/18/2013,2013,0,L33,1,RB,228,126,1,12602,,12602,9.85121E+14,,9.85121E+14,RA
10/24/2013,2013,5,L15,4,RB,213,109,1,12770,,12770,9.85121E+14,,9.85121E+14,RA
10/23/2013,2013,5,L20,3,RB,257,204,1,12774,,12774,9.85121E+14,,9.85121E+14,RA
10/24/2013,2013,5,L22,2,RB,258,176,1,12783,,12783,9.85121E+14,,9.85121E+14,RA
10/11/2013,2013,2,L20,5,RB,243,,1,,12334,12334,,9.85121E+14,9.85121E+14,RA
10/19/2013,2013,4,L04,2,RB,401,615,4,,12736,12736,,9.85121E+14,9.85121E+14,RA
10/20/2013,2013,4,L23,4,RB,213,124,1,,12792,12792,,9.85121E+14,9.85121E+14,RA
10/12/2013,2013,2,L11,6,RB,228,154,1,,12393,12393,,9.85121E+14,9.85121E+14,RA
10/12/2013,2013,2,L07,7,RB,112,16,0,,,,,9.85121E+14,9.85121E+14,SCA
10/17/2013,2013,0,L51,2,RB,416,742,2,,12649,12649,,9.85121E+14,9.85121E+14,SCA
10/12/2013,2013,2,L11,10,RB,443,924,5,,12397,12397,,9.85121E+14,9.85121E+14,SCA
10/17/2013,2013,0,L50,2,RB,269,216,1,,12640,12640,,9.85121E+14,9.85121E+14,RA
10/23/2013,2013,5,L28,6,RB,242,156,1,,12834,12834,,9.85121E+14,9.85121E+14,RA
10/8/2013,2013,1,L22,8,RB,365,541,3,,12245,12245,,9.85121E+14,9.85121E+14,SCA
10/11/2013,2013,2,L12,3,RB,267,,1,,12311,12311,,9.85121E+14,9.85121E+14,RA
10/15/2013,2013,3,L08,6,RB,264,211,1,,12468,12468,,9.85121E+14,9.85121E+14,RA
10/12/2013,2013,2,L11,4,RB,399,761,4,,12391,12391,,9.85121E+14,9.85121E+14,SCA
10/12/2013,2013,2,L23,7,RB,193,85,1,,,,,9.85121E+14,9.85121E+14,SCA
10/8/2013,2013,1,L27,5,RB,257,199,1,,12274,12274,,9.85121E+14,9.85121E+14,RA
10/7/2013,2013,1,L08,3,RB,296,319,2,,12121,12121,,9.85121E+14,9.85121E+14,SCA
10/18/2013,2013,0,L37,6,RB,230,135,1,,12686,12686,,9.85121E+14,9.85121E+14,RA
10/12/2013,2013,2,L06,5,RB,204,89,1,,12376,12376,,9.85121E+14,9.85121E+14,SCA
10/17/2013,2013,0,L35,2,RB,226,246,1,,12607,12607,,9.85121E+14,9.85121E+14,RA
10/12/2013,2013,2,L10,6,RB,333,420,3,,12384,12384,,9.85121E+14,9.85121E+14,SCA
10/16/2013,2013,3,L23,12,RB,220,115,1,,12564,12564,,9.85121E+14,9.85121E+14,RA
10/20/2013,2013,4,L22,6,RB,329,395,2,,12779,12779,,9.85121E+14,9.85121E+14,RA
10/11/2013,2013,2,L25,4,RB,243,,2,,12354,12354,,9.85121E+14,9.85121E+14,RA
10/16/2013,2013,3,L22,8,RB,239,146,1,,12541,12541,,9.85121E+14,9.85121E+14,RA
10/15/2013,2013,3,L28,6,RB,200,98,1,,12507,12507,,9.85121E+14,9.85121E+14,RA
10/20/2013,2013,4,L23,6,RB,206,99,1,,12794,12794,,9.85121E+14,9.85121E+14,RA
10/18/2013,2013,0,L40,1,RB,328,362,2,,12691,12691,,9.85121E+14,9.85121E+14,RA
10/19/2013,2013,4,L21,7,RB,226,126,1,,12751,12751,,9.85121E+14,9.85121E+14,RA
10/23/2013,2013,5,L21,2,RB,237,153,1,,12817,12817,,9.85121E+14,9.85121E+14,RA
10/11/2013,2013,2,L25,2,RB,221,,1,,12352,12352,,9.85121E+14,9.85121E+14,RA
10/16/2013,2013,3,L22,23,RB,224,126,1,,12556,12556,,9.85121E+14,9.85121E+14,RA
10/16/2013,2013,3,L22,13,RB,218,150,1,,12546,12546,,9.85121E+14,9.85121E+14,RA
10/12/2013,2013,2,L22,12,RB,358,532,2,,12432,12432,,9.85121E+14,9.85121E+14,SCA
10/15/2013,2013,3,L12,8,RB,260,205,1,,12477,12477,,9.85121E+14,9.85121E+14,RA
10/12/2013,2013,2,L07,6,RB,242,199,1,,12380,12380,,9.85121E+14,9.85121E+14,RA
10/8/2013,2013,1,L27,3,RB,332,431,3,,12272,12272,,9.85121E+14,9.85121E+14,SCA
10/12/2013,2013,2,L06,4,RB,207,112,1,,12375,12375,,9.85121E+14,9.85121E+14,SCA
10/17/2013,2013,0,L34,15,RB,340,405,3,,12598,12598,,9.85121E+14,9.85121E+14,RA
10/7/2013,2013,1,L28,4,RB,380,495,3,,12170,12170,,9.85121E+14,9.85121E+14,SCA
10/23/2013,2013,5,L12,5,RB,296,291,2,,12804,12804,,9.85121E+14,9.85121E+14,RA
10/7/2013,2013,1,L01,2,RB,254,178,1,,12102,12102,,9.85121E+14,9.85121E+14,SCA
10/17/2013,2013,0,L46,2,RB,387,650,5,,12633,12633,,9.85121E+14,9.85121E+14,RA
10/20/2013,2013,4,L23,1,RB,410,691,2,,12789,12789,,9.85121E+14,9.85121E+14,RA
10/20/2013,2013,4,L27,5,RB,134,27,0,,,,,9.85121E+14,9.85121E+14,SCA
10/11/2013,2013,2,L16,8,RB,252,,1,,12326,12326,,9.85121E+14,9.85121E+14,RA
10/11/2013,2013,2,L24,4,RB,370,,3,,12351,12351,,9.85121E+14,9.85121E+14,SCA
10/8/2013,2013,1,L10,6,RB,383,617,3,,12201,12201,,9.85121E+14,9.85121E+14,SCA
10/23/2013,2013,5,L24,3,RB,322,360,2,,12825,12825,,9.85121E+14,9.85121E+14,RA
10/11/2013,2013,2,L28,8,RB,390,,3,,12364,12364,,9.85121E+14,9.85121E+14,SCA
10/15/2013,2013,3,L21,6,RB,224,124,1,,12497,12497,,9.85121E+14,9.85121E+14,RA
10/18/2013,2013,0,L45,5,RB,226,126,1,,12699,12699,,9.85121E+14,9.85121E+14,RA
10/18/2013,2013,0,L33,12,RB,224,123,1,,12668,12668,,9.85121E+14,9.85121E+14,RA
10/8/2013,2013,1,L07,4,RB,268,233,1,,12188,12188,,9.85121E+14,9.85121E+14,SCA
10/11/2013,2013,2,L08,4,RB,259,,1,,12300,12300,,9.85121E+14,9.85121E+14,RA
10/12/2013,2013,2,L15,5,RB,232,143,1,,12408,12408,,9.85121E+14,9.85121E+14,RA
10/12/2013,2013,2,L11,15,RB,252,204,1,,12402,12402,,9.85121E+14,9.85121E+14,RA
10/8/2013,2013,1,L23,5,RB,278,224,2,,12260,12260,,9.85121E+14,9.85121E+14,SCA
10/12/2013,2013,2,L22,23,RB,237,151,1,,12442,12442,,9.85121E+14,9.85121E+14,RA
10/15/2013,2013,3,L21,7,RB,217,127,1,,12498,12498,,9.85121E+14,9.85121E+14,RA
10/7/2013,2013,1,L20,4,RB,227,141,1,,12151,12151,,9.85121E+14,9.85121E+14,SCA
10/20/2013,2013,4,L10,2,RB,308,371,2,,12763,12763,,9.85121E+14,9.85121E+14,RA
10/17/2013,2013,0,L46,5,RB,208,103,1,,12636,12636,,9.85121E+14,9.85121E+14,RA
10/18/2013,2013,0,L32,4,RB,224,141,1,,12656,12656,,9.85121E+14,9.85121E+14,RA
10/12/2013,2013,2,L02,5,RB,269,209,1,,12370,12370,,9.85121E+14,9.85121E+14,RA
10/12/2013,2013,2,L15,11,RB,262,208,1,,12414,12414,,9.85121E+14,9.85121E+14,RA
10/23/2013,2013,5,L13,2,RB,261,191,1,,12807,12807,,9.85121E+14,9.85121E+14,RA
10/8/2013,2013,1,L10,7,RB,233,185,1,,12202,12202,,9.85121E+14,9.85121E+14,RA
10/8/2013,2013,1,L11,3,RB,262,215,1,,12207,12207,,9.85121E+14,9.85121E+14,SCA
10/15/2013,2013,3,L12,7,RB,270,249,1,,12476,12476,,9.85121E+14,9.85121E+14,SCA
10/18/2013,2013,0,L49,9,RB,354,581,2,,12714,12714,,9.85121E+14,9.85121E+14,RA
10/16/2013,2013,3,L22,14,RB,356,491,3,,12547,12547,,9.85121E+14,9.85121E+14,RA
10/23/2013,2013,5,L21,7,RB,233,163,1,,12822,12822,,9.85121E+14,9.85121E+14,RA
10/17/2013,2013,0,L34,4,RB,297,291,2,,12587,12587,,9.85121E+14,9.85121E+14,SCA
10/8/2013,2013,1,L22,13,RB,230,165,1,,12249,12249,,9.85121E+14,9.85121E+14,RA
10/11/2013,2013,2,L01,1,RB,341,476,3,,12287,12287,,9.85121E+14,9.85121E+14,SCA
10/8/2013,2013,1,L02,7,RB,272,248,1,,12177,12177,,9.85121E+14,9.85121E+14,SCA
10/17/2013,2013,0,L39,2,RB,208,111,1,,12627,12627,,9.85121E+14,9.85121E+14,RA
10/8/2013,2013,1,L07,8,RB,346,450,3,,12192,12192,,9.85121E+14,9.85121E+14,SCA
10/11/2013,2013,2,L08,3,RB,263,,1,,12299,12299,,9.85121E+14,9.85121E+14,RA
10/12/2013,2013,2,L27,11,RB,300,299,2,,12459,12459,,9.85121E+14,9.85121E+14,SCA
10/24/2013,2013,5,L19,2,RB,253,185,1,,12860,12860,,9.85121E+14,9.85121E+14,RA
10/8/2013,2013,1,L22,19,RB,356,563,2,,12253,12253,,9.85121E+14,9.85121E+14,SCA
10/7/2013,2013,1,L08,2,RB,372,567,3,,12120,12120,,9.85121E+14,9.85121E+14,SCA
10/17/2013,2013,0,L46,1,RB,368,564,3,,12632,12632,,9.85121E+14,9.85121E+14,RA
10/7/2013,2013,1,L20,5,RB,259,195,1,,12152,12152,,9.85121E+14,9.85121E+14,SCA
10/20/2013,2013,4,L23,5,RB,212,114,1,,12793,12793,,9.85121E+14,9.85121E+14,RA
10/16/2013,2013,3,L22,10,RB,356,467,3,,12543,12543,,9.85121E+14,9.85121E+14,RA
10/15/2013,2013,3,L20,9,RB,105,12,0,,,,,9.85121E+14,9.85121E+14,SCA
10/8/2013,2013,1,L27,9,RB,225,155,1,,12278,12278,,9.85121E+14,9.85121E+14,RA
10/8/2013,2013,1,L23,3,RB,235,147,1,,12258,12258,,9.85121E+14,9.85121E+14,RA
10/7/2013,2013,1,L21,2,RB,237,165,1,,12159,12159,,9.85121E+14,9.85121E+14,SCA
10/18/2013,2013,0,L36,6,RB,286,291,2,,12674,12674,,9.85121E+14,9.85121E+14,RA
10/23/2013,2013,5,L24,2,RB,283,279,2,,12824,12824,,9.85121E+14,9.85121E+14,RA
10/8/2013,2013,1,L15,3,RB,257,204,1,,12218,12218,,9.85121E+14,9.85121E+14,RA
10/20/2013,2013,4,L22,14,RB,255,195,1,,12787,12787,,9.85121E+14,9.85121E+14,RA
10/24/2013,2013,5,L19,4,RB,267,210,1,,12862,12862,,9.85121E+14,9.85121E+14,RA
10/7/2013,2013,1,L16,5,RB,392,637,3,,12141,12141,,9.85121E+14,9.85121E+14,SCA
10/18/2013,2013,0,L48,4,RB,233,186,1,,12704,12704,,9.85121E+14,9.85121E+14,RA
10/16/2013,2013,3,L19,5,RB,367,462,3,,12535,12535,,9.85121E+14,9.85121E+14,RA
10/23/2013,2013,5,L16,3,RB,258,213,1,,12808,12808,,9.85121E+14,9.85121E+14,RA
10/16/2013,2013,3,L27,3,RB,380,560,4,,12567,12567,,9.85121E+14,9.85121E+14,RA
10/18/2013,2013,0,L36,10,RB,225,174,1,,12678,12678,,9.85121E+14,9.85121E+14,RA
10/11/2013,2013,2,L16,1,RB,275,,1,,12323,12323,,9.85121E+14,9.85121E+14,SCA
10/8/2013,2013,1,L26,4,RB,250,194,1,,12266,12266,,9.85121E+14,9.85121E+14,RA
10/12/2013,2013,2,L22,20,RB,288,264,2,,12439,12439,,9.85121E+14,9.85121E+14,SCA
10/11/2013,2013,2,L21,6,RB,212,,1,,12346,12346,,9.85121E+14,9.85121E+14,SCA
10/16/2013,2013,3,L22,11,RB,340,407,3,,12544,12544,,9.85121E+14,9.85121E+14,RA
10/16/2013,2013,3,L27,6,RB,241,174,1,,12570,12570,,9.85121E+14,9.85121E+14,RA
10/18/2013,2013,0,L32,6,RB,142,31,0,,,,,9.85121E+14,9.85121E+14,SCA
10/17/2013,2013,0,L34,5,RB,400,721,4,,12588,12588,,9.85121E+14,9.85121E+14,RA
10/24/2013,2013,5,L22,7,RB,240,171,1,,12866,12866,,9.85121E+14,9.85121E+14,RA
10/12/2013,2013,2,L19,3,RB,400,643,3,,12418,12418,,9.85121E+14,9.85121E+14,SCA
10/24/2013,2013,5,L11,10,RB,243,182,1,,12850,12850,,9.85121E+14,9.85121E+14,RA
10/17/2013,2013,0,L50,8,RB,365,445,3,,12644,12644,,9.85121E+14,9.85121E+14,RA
10/18/2013,2013,0,L49,5,RB,387,781,4,,12710,12710,,9.85121E+14,9.85121E+14,RA
10/11/2013,2013,2,L21,3,RB,367,,4,,12343,12343,,9.85121E+14,9.85121E+14,RA
10/19/2013,2013,4,L16,5,RB,117,18,0,,,,,9.85121E+14,9.85121E+14,SCA
10/17/2013,2013,0,L50,11,RB,275,275,1,,12647,12647,,9.85121E+14,9.85121E+14,RA
10/15/2013,2013,3,L16,14,RB,153,40,0,,,,,9.85121E+14,9.85121E+14,SCA
10/17/2013,2013,0,L46,4,RB,211,95,1,,12635,12635,,9.85121E+14,9.85121E+14,RA
10/8/2013,2013,1,L14,1,RB,256,203,1,,12213,12213,,9.85121E+14,9.85121E+14,RA
10/20/2013,2013,4,L07,5,RB,263,235,1,,12762,12762,,9.85121E+14,9.85121E+14,RA
10/18/2013,2013,0,L49,4,RB,441,881,5,,12709,12709,,9.85121E+14,9.85121E+14,RA
10/8/2013,2013,1,L19,14,RB,233,159,1,,12238,12238,,9.85121E+14,9.85121E+14,RA
10/8/2013,2013,1,L11,10,RB,113,23,0,,,,,9.85121E+14,9.85121E+14,SCA
10/7/2013,2013,1,L05,3,RB,344,446,3,,12116,12116,,9.85121E+14,9.85121E+14,SCA
10/8/2013,2013,1,L02,5,RB,228,174,1,,12175,12175,,9.85121E+14,9.85121E+14,SCA
10/18/2013,2013,0,L32,3,RB,356,395,2,,12655,12655,,9.85121E+14,9.85121E+14,RA
10/18/2013,2013,0,L52,11,RB,248,191,1,,12735,12735,,9.85121E+14,9.85121E+14,RA
10/16/2013,2013,3,L27,7,RB,215,127,1,,12571,12571,,9.85121E+14,9.85121E+14,RA
10/15/2013,2013,3,L21,5,RB,227,126,1,,12496,12496,,9.85121E+14,9.85121E+14,RA
10/8/2013,2013,1,L22,15,RB,257,195,1,,12251,12251,,9.85121E+14,9.85121E+14,RA
10/19/2013,2013,4,L08,4,RB,292,280,2,,12741,12741,,9.85121E+14,9.85121E+14,RA
10/11/2013,2013,2,L28,5,RB,250,,1,,12361,12361,,9.85121E+14,9.85121E+14,RA
10/23/2013,2013,5,L05,2,RB,272,220,2,,12799,12799,,9.85121E+14,9.85121E+14,RA
10/15/2013,2013,3,L16,9,RB,215,121,1,,12486,12486,,9.85121E+14,9.85121E+14,RA
10/23/2013,2013,5,L25,3,RB,405,717,4,,12826,12826,,9.85121E+14,9.85121E+14,RA
10/17/2013,2013,0,L38,8,RB,248,197,1,,12622,12622,,9.85121E+14,9.85121E+14,RA
10/18/2013,2013,0,L33,10,RB,229,142,1,,12666,12666,,9.85121E+14,9.85121E+14,RA
10/8/2013,2013,1,L22,11,RB,261,217,1,,12248,12248,,9.85121E+14,9.85121E+14,RA
10/7/2013,2013,1,L01,11,RB,251,179,1,,12111,12111,,9.85121E+14,9.85121E+14,SCA
10/24/2013,2013,5,L14,1,RB,380,611,3,,12854,12854,,9.85121E+14,9.85121E+14,RA
10/18/2013,2013,0,L36,7,RB,278,284,1,,12675,12675,,9.85121E+14,9.85121E+14,RA
10/16/2013,2013,3,L23,13,RB,235,135,1,,12565,12565,,9.85121E+14,9.85121E+14,RA
10/19/2013,2013,4,L21,6,RB,353,481,2,,12750,12750,,9.85121E+14,9.85121E+14,RA
10/24/2013,2013,5,L02,3,RB,321,397,2,,12836,12836,,9.85121E+14,9.85121E+14,RA
10/8/2013,2013,1,L27,6,RB,278,275,2,,12275,12275,,9.85121E+14,9.85121E+14,SCA
10/7/2013,2013,1,L16,4,RB,247,190,1,,12140,12140,,9.85121E+14,9.85121E+14,SCA
10/8/2013,2013,1,L02,4,RB,235,161,1,,12174,12174,,9.85121E+14,9.85121E+14,SCA
10/8/2013,2013,1,L10,8,RB,265,234,1,,12203,12203,,9.85121E+14,9.85121E+14,SCA
10/12/2013,2013,2,L14,2,RB,251,179,1,,12404,12404,,9.85121E+14,9.85121E+14,RA
10/12/2013,2013,2,L22,11,RB,391,650,3,,12431,12431,,9.85121E+14,9.85121E+14,SCA
10/24/2013,2013,5,L15,9,RB,228,140,1,,12859,12859,,9.85121E+14,9.85121E+14,RA
10/18/2013,2013,0,L33,13,RB,220,121,1,,12669,12669,,9.85121E+14,9.85121E+14,RA
10/7/2013,2013,1,L13,2,RB,239,153,1,,12133,12133,,9.85121E+14,9.85121E+14,SCA
10/11/2013,2013,2,L28,9,RB,219,,1,,12365,12365,,9.85121E+14,9.85121E+14,RA
10/11/2013,2013,2,L20,13,RB,227,,1,,12342,12342,,9.85121E+14,9.85121E+14,RA
10/15/2013,2013,3,L28,5,RB,232,148,1,,12506,12506,,9.85121E+14,9.85121E+14,RA
10/11/2013,2013,2,L28,4,RB,206,,1,,12360,12360,,9.85121E+14,9.85121E+14,SCA
10/7/2013,2013,1,L05,4,RB,252,191,1,,12117,12117,,9.85121E+14,9.85121E+14,SCA
10/23/2013,2013,5,L28,2,RB,322,405,4,,12830,12830,,9.85121E+14,9.85121E+14,RA
10/7/2013,2013,1,L08,4,RB,360,515,3,,12122,12122,,9.85121E+14,9.85121E+14,RA
10/18/2013,2013,0,L36,3,RB,357,499,3,,12671,12671,,9.85121E+14,9.85121E+14,RA
10/17/2013,2013,0,L38,4,RB,250,197,1,,12618,12618,,9.85121E+14,9.85121E+14,RA
10/23/2013,2013,5,L09,4,RB,243,183,1,,12801,12801,,9.85121E+14,9.85121E+14,RA
10/16/2013,2013,3,L23,9,RB,215,94,1,,12562,12562,,9.85121E+14,9.85121E+14,RA
10/7/2013,2013,1,L13,1,RB,313,365,2,,12132,12132,,9.85121E+14,9.85121E+14,RA
10/24/2013,2013,5,L23,3,RB,229,128,1,,12872,12872,,9.85121E+14,9.85121E+14,RA
10/7/2013,2013,1,L09,2,RB,262,223,1,,12125,12125,,9.85121E+14,9.85121E+14,SCA
10/12/2013,2013,2,L22,10,RB,407,755,4,,12430,12430,,9.85121E+14,9.85121E+14,SCA
10/7/2013,2013,1,L12,4,RB,245,176,1,,12129,12129,,9.85121E+14,9.85121E+14,SCA
10/8/2013,2013,1,L22,4,RB,325,397,2,,12243,12243,,9.85121E+14,9.85121E+14,SCA
10/11/2013,2013,2,L28,7,RB,228,,1,,12363,12363,,9.85121E+14,9.85121E+14,RA
10/18/2013,2013,0,L33,6,RB,226,131,1,,12662,12662,,9.85121E+14,9.85121E+14,RA
10/16/2013,2013,3,L11,5,RB,303,332,2,,12525,12525,,9.85121E+14,9.85121E+14,SCA
10/8/2013,2013,1,L27,18,RB,190,91,1,,,,,9.85121E+14,9.85121E+14,SCA
10/24/2013,2013,5,L15,8,RB,332,441,2,,12858,12858,,9.85121E+14,9.85121E+14,RA
10/12/2013,2013,2,L23,6,RB,250,177,1,,12447,12447,,9.85121E+14,9.85121E+14,RA
10/7/2013,2013,1,L21,6,RB,222,147,1,,12163,12163,,9.85121E+14,9.85121E+14,SCA
10/12/2013,2013,2,L23,11,RB,232,133,1,,12451,12451,,9.85121E+14,9.85121E+14,RA
10/18/2013,2013,0,L49,7,RB,380,635,4,,12712,12712,,9.85121E+14,9.85121E+14,RA
10/8/2013,2013,1,L07,13,RB,115,32,0,,,,,9.85121E+14,9.85121E+14,SCA
10/8/2013,2013,1,L15,7,RB,243,167,1,,12222,12222,,9.85121E+14,9.85121E+14,RA
10/12/2013,2013,2,L22,8,RB,424,712,4,,12428,12428,,9.85121E+14,9.85121E+14,SCA
10/18/2013,2013,0,L33,5,RB,300,309,2,,12661,12661,,9.85121E+14,9.85121E+14,RA
10/8/2013,2013,1,L22,20,RB,231,165,1,,12254,12254,,9.85121E+14,9.85121E+14,RA
10/17/2013,2013,0,L51,7,RB,426,792,3,,12652,12652,,9.85121E+14,9.85121E+14,SCA
10/15/2013,2013,3,L16,11,RB,234,154,1,,12488,12488,,9.85121E+14,9.85121E+14,RA
10/19/2013,2013,4,L28,2,RB,336,338,2,,12754,12754,,9.85121E+14,9.85121E+14,RA
10/8/2013,2013,1,L07,11,RB,333,417,3,,12195,12195,,9.85121E+14,9.85121E+14,SCA
10/8/2013,2013,1,L22,12,RB,192,91,1,,,,,9.85121E+14,9.85121E+14,SCA
10/11/2013,2013,2,L05,3,RB,247,,1,,12296,12296,9.85121E+14,9.85121E+14,9.85121E+14,SCA
10/11/2013,2013,2,L20,10,RB,235,,1,,12339,12339,,9.85121E+14,9.85121E+14,RA
10/17/2013,2013,0,L39,1,RB,341,429,2,,12626,12626,,9.85121E+14,9.85121E+14,RA
10/8/2013,2013,1,L27,17,RB,240,171,1,,12286,12286,,9.85121E+14,9.85121E+14,RA
10/17/2013,2013,0,L34,23,RB,241,160,1,,12604,12604,,9.85121E+14,9.85121E+14,RA
10/11/2013,2013,2,L12,9,RB,229,,1,,12317,12317,,9.85121E+14,9.85121E+14,RA
10/17/2013,2013,0,L34,12,RB,348,509,6,,12595,12595,,9.85121E+14,9.85121E+14,RA
10/11/2013,2013,2,L20,3,RB,386,,4,,12332,12332,,9.85121E+14,9.85121E+14,SCA
10/8/2013,2013,1,L22,3,RB,254,199,1,,12242,12242,,9.85121E+14,9.85121E+14,RA
10/20/2013,2013,4,L10,4,RB,258,229,1,,12765,12765,,9.85121E+14,9.85121E+14,RA
10/7/2013,2013,1,L12,3,RB,240,177,1,,12128,12128,,9.85121E+14,9.85121E+14,SCA
10/17/2013,2013,0,L34,17,RB,334,381,3,,12600,12600,,9.85121E+14,9.85121E+14,RA
10/18/2013,2013,0,L33,9,RB,250,173,1,,12665,12665,,9.85121E+14,9.85121E+14,RA
10/11/2013,2013,2,L16,6,RB,215,,1,,12324,12324,,9.85121E+14,9.85121E+14,SCA
10/18/2013,2013,0,L36,14,RB,112,44,0,,,,,9.85121E+14,9.85121E+14,SCA
10/7/2013,2013,1,L20,10,RB,252,219,1,,12157,12157,,9.85121E+14,9.85121E+14,RA
10/23/2013,2013,5,L21,9,RB,194,82,1,,,,,9.85121E+14,9.85121E+14,RA
10/24/2013,2013,5,L07,2,RB,396,674,3,,12843,12843,,9.85121E+14,9.85121E+14,RA
10/18/2013,2013,0,L36,5,RB,344,532,3,,12673,12673,,9.85121E+14,9.85121E+14,RA
10/15/2013,2013,3,L08,8,RB,250,189,1,,12470,12470,,9.85121E+14,9.85121E+14,RA
10/18/2013,2013,0,L37,7,RB,261,212,1,,12687,12687,,9.85121E+14,9.85121E+14,RA
10/20/2013,2013,4,L22,11,RB,238,160,1,,12784,12784,,9.85121E+14,9.85121E+14,RA
10/8/2013,2013,1,L22,22,RB,333,437,2,,12256,12256,,9.85121E+14,9.85121E+14,SCA
10/20/2013,2013,4,L07,2,RB,304,353,2,,12759,12759,,9.85121E+14,9.85121E+14,RA
10/12/2013,2013,2,L23,12,RB,311,325,2,,12452,12452,,9.85121E+14,9.85121E+14,SCA
10/18/2013,2013,0,L49,19,RB,240,191,1,,12724,12724,,9.85121E+14,9.85121E+14,RA
10/18/2013,2013,0,L52,2,RB,408,723,4,,12726,12726,,9.85121E+14,9.85121E+14,RA
10/20/2013,2013,4,L06,2,RB,297,312,2,,12758,12758,,9.85121E+14,9.85121E+14,RA
10/8/2013,2013,1,L02,9,RB,75,5,0,,,,,9.85121E+14,9.85121E+14,SCA
10/15/2013,2013,3,L16,13,RB,111,12,0,,,,,9.85121E+14,9.85121E+14,SCA
10/18/2013,2013,0,L52,6,RB,397,747,3,,12730,12730,,9.85121E+14,9.85121E+14,RA
10/23/2013,2013,5,L21,4,RB,346,405,2,,12819,12819,,9.85121E+14,9.85121E+14,RA
10/8/2013,2013,1,L07,6,RB,341,507,2,,12190,12190,,9.85121E+14,9.85121E+14,SCA
10/8/2013,2013,1,L06,1,RB,210,119,1,,12181,12181,,9.85121E+14,9.85121E+14,SCA
10/11/2013,2013,2,L16,10,RB,259,,1,,12328,12328,,9.85121E+14,9.85121E+14,RA
10/8/2013,2013,1,L23,8,RB,192,89,1,,,,,9.85121E+14,9.85121E+14,SCA
10/8/2013,2013,1,L10,4,RB,246,202,1,,12199,12199,,9.85121E+14,9.85121E+14,RA
10/17/2013,2013,0,L50,4,RB,173,67,1,,,,,9.85121E+14,9.85121E+14,SCA
10/7/2013,2013,1,L17,2,RB,221,119,1,,12147,12147,,9.85121E+14,9.85121E+14,SCA
10/17/2013,2013,0,L31,6,RB,365,517,3,,12577,12577,,9.85121E+14,9.85121E+14,RA
10/11/2013,2013,2,L12,6,RB,370,,3,,12314,12314,,9.85121E+14,9.85121E+14,SCA
10/16/2013,2013,3,L02,6,RB,258,202,1,,12512,12512,,9.85121E+14,9.85121E+14,RA
10/8/2013,2013,1,L07,2,RB,240,173,1,,12186,12186,,9.85121E+14,9.85121E+14,RA
10/18/2013,2013,0,L48,10,RB,159,43,0,,,,,9.85121E+14,9.85121E+14,SCA
10/15/2013,2013,3,L01,1,RB,253,182,1,,12461,12461,,9.85121E+14,9.85121E+14,RA
10/11/2013,2013,2,L28,10,RB,238,,1,,12366,12366,,9.85121E+14,9.85121E+14,RA
10/12/2013,2013,2,L19,6,RB,241,167,1,,12421,12421,,9.85121E+14,9.85121E+14,RA
10/15/2013,2013,3,L16,12,RB,240,184,1,,12489,12489,,9.85121E+14,9.85121E+14,RA
10/12/2013,2013,2,L22,17,RB,252,165,1,,12436,12436,,9.85121E+14,9.85121E+14,RA
10/15/2013,2013,3,L12,6,RB,248,193,1,,12475,12475,,9.85121E+14,9.85121E+14,RA
10/16/2013,2013,3,L22,20,RB,238,149,1,,12553,12553,,9.85121E+14,9.85121E+14,RA
10/12/2013,2013,2,L11,8,RB,321,409,2,,12395,12395,,9.85121E+14,9.85121E+14,SCA
10/8/2013,2013,1,L15,4,RB,227,139,1,,12219,12219,,9.85121E+14,9.85121E+14,RA
10/12/2013,2013,2,L19,4,RB,420,817,3,,12419,12419,,9.85121E+14,9.85121E+14,SCA
10/19/2013,2013,4,L21,8,RB,216,107,1,,12752,12752,,9.85121E+14,9.85121E+14,RA
10/20/2013,2013,4,L23,2,RB,285,251,1,,12790,12790,,9.85121E+14,9.85121E+14,RA
10/18/2013,2013,0,L37,2,RB,345,405,3,,12682,12682,,9.85121E+14,9.85121E+14,RA
10/18/2013,2013,0,L49,14,RB,350,564,2,,12719,12719,,9.85121E+14,9.85121E+14,RA
10/18/2013,2013,0,L45,3,RB,242,162,1,,12697,12697,,9.85121E+14,9.85121E+14,RA
10/7/2013,2013,1,L16,2,RB,223,147,1,,12138,12138,,9.85121E+14,9.85121E+14,SCA
10/20/2013,2013,4,L14,2,RB,213,126,1,,12769,12769,,9.85121E+14,9.85121E+14,RA
10/17/2013,2013,0,L35,8,RB,228,146,1,,12613,12613,,9.85121E+14,9.85121E+14,RA
10/15/2013,2013,3,L08,5,RB,358,583,2,,12467,12467,,9.85121E+14,9.85121E+14,RA
10/8/2013,2013,1,L27,13,RB,231,145,1,,12282,12282,,9.85121E+14,9.85121E+14,RA
10/20/2013,2013,4,L22,5,RB,408,767,4,,12778,12778,,9.85121E+14,9.85121E+14,SCA
10/18/2013,2013,0,L49,6,RB,373,537,3,,12711,12711,,9.85121E+14,9.85121E+14,RA
10/24/2013,2013,5,L22,4,RB,359,572,2,,12863,12863,,9.85121E+14,9.85121E+14,RA
10/16/2013,2013,3,L23,7,RB,342,415,2,,12560,12560,,9.85121E+14,9.85121E+14,RA
10/12/2013,2013,2,L22,9,RB,358,457,3,,12429,12429,,9.85121E+14,9.85121E+14,SCA
10/7/2013,2013,1,L17,1,RB,240,156,1,,12146,12146,,9.85121E+14,9.85121E+14,RA
10/7/2013,2013,1,L28,1,RB,418,657,4,,12167,12167,,9.85121E+14,9.85121E+14,SCA
10/8/2013,2013,1,L27,7,RB,324,383,2,,12276,12276,,9.85121E+14,9.85121E+14,SCA
10/17/2013,2013,0,L34,7,RB,333,399,3,,12590,12590,,9.85121E+14,9.85121E+14,RA
10/8/2013,2013,1,L11,5,RB,234,159,1,,12209,12209,,9.85121E+14,9.85121E+14,SCA
10/24/2013,2013,5,L07,3,RB,391,673,3,,12844,12844,,9.85121E+14,9.85121E+14,RA
10/11/2013,2013,2,L16,12,RB,201,,1,,12330,12330,,9.85121E+14,9.85121E+14,SCA
10/20/2013,2013,4,L11,6,RB,361,467,4,,12766,12766,,9.85121E+14,9.85121E+14,RA
10/11/2013,2013,2,L01,3,RB,257,211,1,,12289,12289,,9.85121E+14,9.85121E+14,RA
10/18/2013,2013,0,L52,8,RB,380,666,3,,12732,12732,,9.85121E+14,9.85121E+14,RA
10/24/2013,2013,5,L22,8,RB,253,170,1,,12867,12867,,9.85121E+14,9.85121E+14,RA
10/16/2013,2013,3,L19,7,RB,157,42,0,,,,,9.85121E+14,9.85121E+14,SCA
10/24/2013,2013,5,L23,2,RB,229,129,1,,12871,12871,,9.85121E+14,9.85121E+14,RA
10/17/2013,2013,0,L43,2,RB,233,134,1,,12631,12631,,9.85121E+14,9.85121E+14,RA
10/18/2013,2013,0,L32,5,RB,227,137,1,,12657,12657,,9.85121E+14,9.85121E+14,RA
10/17/2013,2013,0,L50,3,RB,414,876,7,,12641,12641,,9.85121E+14,9.85121E+14,RA
10/18/2013,2013,0,L33,16,RB,156,49,0,,,,,9.85121E+14,9.85121E+14,SCA
10/15/2013,2013,3,L28,8,RB,247,166,1,,12509,12509,,9.85121E+14,9.85121E+14,RA
10/12/2013,2013,2,L10,12,RB,227,145,1,,12390,12390,,9.85121E+14,9.85121E+14,RA
10/18/2013,2013,0,L41,2,RB,228,204,1,,12693,12693,,9.85121E+14,9.85121E+14,RA
10/8/2013,2013,1,L26,2,RB,395,999,4,,12264,12264,,9.85121E+14,9.85121E+14,SCA
10/18/2013,2013,0,L48,5,RB,315,335,2,,12705,12705,,9.85121E+14,9.85121E+14,SCA
10/12/2013,2013,2,L23,10,RB,207,93,1,,12450,12450,,9.85121E+14,9.85121E+14,RA
10/8/2013,2013,1,L07,9,RB,252,194,1,,12193,12193,,9.85121E+14,9.85121E+14,RA
10/18/2013,2013,0,L52,5,RB,356,712,2,,12729,12729,,9.85121E+14,9.85121E+14,RA
10/15/2013,2013,3,L16,6,RB,238,167,1,,12483,12483,,9.85121E+14,9.85121E+14,RA
10/17/2013,2013,0,L34,20,RB,236,149,1,,12601,12601,,9.85121E+14,9.85121E+14,RA
10/20/2013,2013,4,L02,3,RB,334,431,2,,12757,12757,,9.85121E+14,9.85121E+14,RA
10/8/2013,2013,1,L19,12,RB,241,154,1,,12236,12236,,9.85121E+14,9.85121E+14,RA
10/17/2013,2013,0,L35,7,RB,229,134,1,,12612,12612,,9.85121E+14,9.85121E+14,RA
10/18/2013,2013,0,L37,9,RB,213,103,1,,12689,12689,,9.85121E+14,9.85121E+14,RA
10/8/2013,2013,1,L22,18,RB,174,69,1,,,,,9.85121E+14,9.85121E+14,SCA
10/17/2013,2013,0,L31,13,RB,223,141,1,,12584,12584,,9.85121E+14,9.85121E+14,RA
10/11/2013,2013,2,L04,1,RB,239,145,1,,12294,12294,,9.85121E+14,9.85121E+14,RA
10/24/2013,2013,5,L02,4,RB,345,455,3,,12837,12837,,9.85121E+14,9.85121E+14,RA
10/11/2013,2013,2,L08,7,RB,336,,2,,12303,12303,,9.85121E+14,9.85121E+14,SCA
10/12/2013,2013,2,L11,11,RB,331,431,2,,12398,12398,,9.85121E+14,9.85121E+14,SCA
10/12/2013,2013,2,L19,9,RB,230,150,1,,12424,12424,,9.85121E+14,9.85121E+14,RA
10/18/2013,2013,0,L49,16,RB,367,692,3,,12721,12721,,9.85121E+14,9.85121E+14,RA
10/16/2013,2013,3,L22,6,RB,258,196,1,,12539,12539,,9.85121E+14,9.85121E+14,RA
10/8/2013,2013,1,L19,20,RB,84,6,0,,,,,9.85121E+14,9.85121E+14,SCA
10/18/2013,2013,0,L32,2,RB,364,509,2,,12654,12654,,9.85121E+14,9.85121E+14,RA
10/20/2013,2013,4,L22,12,RB,266,241,1,,12785,12785,,9.85121E+14,9.85121E+14,RA
10/24/2013,2013,5,L03,1,RB,230,152,1,,12841,12841,,9.85121E+14,9.85121E+14,RA
10/18/2013,2013,0,L48,6,RB,227,156,1,,12706,12706,,9.85121E+14,9.85121E+14,RA
10/18/2013,2013,0,L33,7,RB,232,146,1,,12663,12663,,9.85121E+14,9.85121E+14,RA
10/18/2013,2013,0,L48,7,RB,230,152,1,,12707,12707,,9.85121E+14,9.85121E+14,RA
10/12/2013,2013,2,L10,10,RB,232,147,1,,12388,12388,,9.85121E+14,9.85121E+14,RA
10/17/2013,2013,0,L46,7,RB,224,140,1,,12638,12638,,9.85121E+14,9.85121E+14,RA
10/15/2013,2013,3,L08,4,RB,270,232,1,,12466,12466,,9.85121E+14,9.85121E+14,SCA
10/15/2013,2013,3,L08,3,RB,370,517,3,,12465,12465,,9.85121E+14,9.85121E+14,SCA
10/12/2013,2013,2,L23,5,RB,267,252,1,,12446,12446,,9.85121E+14,9.85121E+14,RA
10/15/2013,2013,3,L04,2,RB,229,151,1,,12464,12464,,9.85121E+14,9.85121E+14,RA
10/20/2013,2013,4,L19,3,RB,363,584,3,,12773,12773,,9.85121E+14,9.85121E+14,RA
10/24/2013,2013,5,L19,3,RB,248,184,1,,12861,12861,,9.85121E+14,9.85121E+14,RA
10/11/2013,2013,2,L12,5,RB,328,,2,,12313,12313,,9.85121E+14,9.85121E+14,SCA
10/8/2013,2013,1,L23,7,RB,231,151,1,,12261,12261,,9.85121E+14,9.85121E+14,RA
10/8/2013,2013,1,L02,3,RB,309,294,2,,12173,12173,,9.85121E+14,9.85121E+14,SCA
10/8/2013,2013,1,L11,8,RB,394,599,3,,12212,12212,,9.85121E+14,9.85121E+14,SCA
10/8/2013,2013,1,L19,10,RB,232,157,1,,12234,12234,,9.85121E+14,9.85121E+14,RA
10/24/2013,2013,5,L10,2,RB,285,247,2,,12847,12847,,9.85121E+14,9.85121E+14,RA
10/11/2013,2013,2,L20,6,RB,240,,1,,12335,12335,,9.85121E+14,9.85121E+14,RA
10/20/2013,2013,4,L15,4,RB,261,228,1,,12772,12772,,9.85121E+14,9.85121E+14,RA
10/11/2013,2013,2,L28,6,RB,232,,1,,12362,12362,,9.85121E+14,9.85121E+14,RA
10/7/2013,2013,1,L25,2,RB,353,537,2,,12166,12166,,9.85121E+14,9.85121E+14,SCA
10/11/2013,2013,2,L04,2,RB,163,51,0,,,,,9.85121E+14,9.85121E+14,SCA
10/8/2013,2013,1,L06,3,RB,369,575,3,,12183,12183,,9.85121E+14,9.85121E+14,SCA
10/12/2013,2013,2,L26,2,RB,260,211,1,,12454,12454,,9.85121E+14,9.85121E+14,RA
10/18/2013,2013,0,L49,12,RB,388,727,3,,12717,12717,,9.85121E+14,9.85121E+14,RA
10/24/2013,2013,5,L06,3,RB,102,12,0,,,,,9.85121E+14,9.85121E+14,SCA
10/7/2013,2013,1,L16,3,RB,242,189,1,,12139,12139,,9.85121E+14,9.85121E+14,SCA
10/8/2013,2013,1,L23,2,RB,180,57,1,,,,,9.85121E+14,9.85121E+14,SCA
10/12/2013,2013,2,L11,7,RB,244,182,1,,12394,12394,,9.85121E+14,9.85121E+14,RA
10/11/2013,2013,2,L01,5,RB,391,723,3,,12291,12291,,9.85121E+14,9.85121E+14,SCA
10/8/2013,2013,1,L19,18,RB,85,14,0,,,,,9.85121E+14,9.85121E+14,SCA
10/18/2013,2013,0,L33,11,RB,232,150,1,,12667,12667,,9.85121E+14,9.85121E+14,RA
10/16/2013,2013,3,L10,4,RB,267,231,1,,12519,12519,,9.85121E+14,9.85121E+14,RA
10/23/2013,2013,5,L05,1,RB,388,629,4,,12798,12798,,9.85121E+14,9.85121E+14,RA
10/8/2013,2013,1,L15,1,RB,225,138,1,,12216,12216,,9.85121E+14,9.85121E+14,RA
10/8/2013,2013,1,L22,14,RB,341,445,2,,12250,12250,,9.85121E+14,9.85121E+14,SCA
10/16/2013,2013,3,L22,24,RB,215,111,1,,12557,12557,,9.85121E+14,9.85121E+14,RA
10/7/2013,2013,1,L01,9,RB,265,206,1,,12109,12109,,9.85121E+14,9.85121E+14,SCA
10/8/2013,2013,1,L07,1,RB,290,298,1,,12185,12185,,9.85121E+14,9.85121E+14,SCA
10/12/2013,2013,2,L19,11,RB,215,112,1,,12426,12426,,9.85121E+14,9.85121E+14,RA
10/15/2013,2013,3,L04,1,RB,255,185,1,,12463,12463,,9.85121E+14,9.85121E+14,RA
10/7/2013,2013,1,L04,2,RB,360,505,3,,12113,12113,,9.85121E+14,9.85121E+14,SCA
10/7/2013,2013,1,L01,3,RB,256,207,1,,12103,12103,,9.85121E+14,9.85121E+14,SCA
10/16/2013,2013,3,L22,12,RB,361,511,3,,12545,12545,,9.85121E+14,9.85121E+14,RA
10/11/2013,2013,2,L09,6,RB,233,,1,,12308,12308,,9.85121E+14,9.85121E+14,RA
10/8/2013,2013,1,L22,5,RB,251,176,1,,12244,12244,,9.85121E+14,9.85121E+14,RA
10/12/2013,2013,2,L23,9,RB,231,136,1,,12449,12449,,9.85121E+14,9.85121E+14,RA
10/16/2013,2013,3,L22,22,RB,211,97,1,,12555,12555,,9.85121E+14,9.85121E+14,RA
10/17/2013,2013,0,L31,12,RB,224,132,1,,12583,12583,,9.85121E+14,9.85121E+14,RA
10/18/2013,2013,0,L36,4,RB,357,555,2,,12672,12672,,9.85121E+14,9.85121E+14,RA
10/16/2013,2013,3,L22,15,RB,228,145,1,,12548,12548,,9.85121E+14,9.85121E+14,RA
10/20/2013,2013,4,L11,7,RB,339,464,2,,12767,12767,,9.85121E+14,9.85121E+14,RA
10/17/2013,2013,0,L46,3,RB,376,584,3,,12634,12634,,9.85121E+14,9.85121E+14,RA
10/11/2013,2013,2,L05,4,RB,305,,2,,12297,12297,,9.85121E+14,9.85121E+14,SCA
10/17/2013,2013,0,L42,2,RB,305,356,2,,12629,12629,,9.85121E+14,9.85121E+14,RA
10/18/2013,2013,0,L41,1,RB,356,465,3,,12692,12692,,9.85121E+14,9.85121E+14,RA
10/20/2013,2013,4,L14,1,RB,332,396,3,,12768,12768,,9.85121E+14,9.85121E+14,RA
10/8/2013,2013,1,L22,9,RB,260,204,1,,12246,12246,,9.85121E+14,9.85121E+14,RA
10/16/2013,2013,3,L23,15,RB,138,28,0,,,,,9.85121E+14,9.85121E+14,SCA
10/20/2013,2013,4,L27,4,RB,236,141,1,,12797,12797,,9.85121E+14,9.85121E+14,RA
10/8/2013,2013,1,L10,3,RB,402,726,3,,12198,12198,,9.85121E+14,9.85121E+14,RA
10/11/2013,2013,2,L13,1,RB,357,,2,,12322,12322,,9.85121E+14,9.85121E+14,SCA
10/24/2013,2013,5,L15,5,RB,437,949,4,,12855,12855,,9.85121E+14,9.85121E+14,RA
10/17/2013,2013,0,L38,11,RB,213,108,1,,12625,12625,,9.85121E+14,9.85121E+14,RA
10/11/2013,2013,2,L09,4,RB,251,,1,,12306,12306,,9.85121E+14,9.85121E+14,RA
10/16/2013,2013,3,L07,7,RB,247,191,1,,12516,12516,,9.85121E+14,9.85121E+14,RA
10/7/2013,2013,1,L01,1,RB,367,547,3,,12101,12101,,9.85121E+14,9.85121E+14,SCA
10/11/2013,2013,2,L21,7,RB,227,,1,,12347,12347,,9.85121E+14,9.85121E+14,RA
10/18/2013,2013,0,L37,11,RB,208,101,1,,12690,12690,,9.85121E+14,9.85121E+14,RA
10/12/2013,2013,2,L23,13,RB,234,119,1,,12453,12453,,9.85121E+14,9.85121E+14,RA
10/23/2013,2013,5,L28,3,RB,265,211,1,,12831,12831,,9.85121E+14,9.85121E+14,RA
10/8/2013,2013,1,L03,1,RB,260,201,1,,12179,12179,,9.85121E+14,9.85121E+14,SCA
10/12/2013,2013,2,L19,7,RB,227,150,1,,12422,12422,,9.85121E+14,9.85121E+14,RA
10/17/2013,2013,0,L31,14,RB,238,163,1,,12585,12585,,9.85121E+14,9.85121E+14,RA
10/7/2013,2013,1,L01,5,RB,270,248,1,,12105,12105,,9.85121E+14,9.85121E+14,SCA
10/11/2013,2013,2,L25,5,RB,262,,1,,12355,12355,,9.85121E+14,9.85121E+14,RA
10/12/2013,2013,2,L14,4,RB,316,373,2,,12406,12406,,9.85121E+14,9.85121E+14,SCA
10/11/2013,2013,2,L16,7,RB,240,,1,,12325,12325,,9.85121E+14,9.85121E+14,RA
10/8/2013,2013,1,L23,6,RB,182,65,1,,,,,9.85121E+14,9.85121E+14,SCA
10/19/2013,2013,4,L08,3,RB,342,489,2,,12740,12740,,9.85121E+14,9.85121E+14,RA
10/20/2013,2013,4,L27,3,RB,255,195,1,,12796,12796,,9.85121E+14,9.85121E+14,RA
10/15/2013,2013,3,L01,2,RB,228,110,1,,12462,12462,,9.85121E+14,9.85121E+14,RA
10/11/2013,2013,2,L12,7,RB,236,,1,,12315,12315,,9.85121E+14,9.85121E+14,RA
10/11/2013,2013,2,L25,3,RB,235,,1,,12353,12353,,9.85121E+14,9.85121E+14,RA
10/17/2013,2013,0,L43,1,RB,220,107,1,,12630,12630,,9.85121E+14,9.85121E+14,RA
10/11/2013,2013,2,L20,8,RB,235,,1,,12337,12337,,9.85121E+14,9.85121E+14,RA
10/18/2013,2013,0,L52,3,RB,354,561,2,,12727,12727,,9.85121E+14,9.85121E+14,RA
10/17/2013,2013,0,L34,11,RB,228,146,1,,12594,12594,,9.85121E+14,9.85121E+14,RA
10/15/2013,2013,3,L16,4,RB,284,317,2,,12481,12481,,9.85121E+14,9.85121E+14,SCA
10/12/2013,2013,2,L10,11,RB,370,495,3,,12389,12389,,9.85121E+14,9.85121E+14,SCA
10/12/2013,2013,2,L07,5,RB,305,331,2,,12379,12379,,9.85121E+14,9.85121E+14,SCA
10/7/2013,2013,1,L21,4,RB,221,147,1,,12161,12161,,9.85121E+14,9.85121E+14,SCA
10/17/2013,2013,0,L34,21,RB,224,128,1,,12602,12602,,9.85121E+14,9.85121E+14,RA
10/17/2013,2013,0,L31,9,RB,273,145,1,,12580,12580,,9.85121E+14,9.85121E+14,RA
10/12/2013,2013,2,L14,3,RB,355,491,2,,12405,12405,,9.85121E+14,9.85121E+14,SCA
10/8/2013,2013,1,L06,2,RB,343,467,2,,12182,12182,,9.85121E+14,9.85121E+14,SCA
10/19/2013,2013,4,L20,6,RB,218,121,1,,12747,12747,,9.85121E+14,9.85121E+14,RA
10/18/2013,2013,0,L48,1,RB,396,726,3,,12701,12701,,9.85121E+14,9.85121E+14,RA
10/18/2013,2013,0,L36,11,RB,229,176,1,,12679,12679,,9.85121E+14,9.85121E+14,RA
10/15/2013,2013,3,L13,2,RB,280,277,2,,12479,12479,,9.85121E+14,9.85121E+14,SCA
10/17/2013,2013,0,L34,3,RB,365,545,3,,12586,12586,,9.85121E+14,9.85121E+14,RA
10/12/2013,2013,2,L07,3,RB,255,204,1,,12377,12377,,9.85121E+14,9.85121E+14,RA
10/18/2013,2013,0,L36,13,RB,190,121,1,,,,,9.85121E+14,9.85121E+14,SCA
10/17/2013,2013,0,L35,4,RB,234,122,1,,12609,12609,,9.85121E+14,9.85121E+14,RA
10/18/2013,2013,0,L48,3,RB,223,129,1,,12703,12703,,9.85121E+14,9.85121E+14,RA
10/18/2013,2013,0,L49,17,RB,308,381,2,,12722,12722,,9.85121E+14,9.85121E+14,RA
10/7/2013,2013,1,L16,9,RB,240,163,1,,12145,12145,,9.85121E+14,9.85121E+14,RA
10/11/2013,2013,2,L09,7,RB,234,,1,,12309,12309,,9.85121E+14,9.85121E+14,RA
10/12/2013,2013,2,L23,4,RB,346,420,2,,12445,12445,,9.85121E+14,9.85121E+14,SCA
10/20/2013,2013,4,L27,1,RB,367,433,3,,12795,12795,,9.85121E+14,9.85121E+14,RA
10/12/2013,2013,2,L10,7,RB,265,222,1,,12385,12385,,9.85121E+14,9.85121E+14,RA
10/8/2013,2013,1,L26,3,RB,364,527,2,,12265,12265,,9.85121E+14,9.85121E+14,SCA
10/15/2013,2013,3,L09,4,RB,368,621,3,,12473,12473,,9.85121E+14,9.85121E+14,RA
10/15/2013,2013,3,L28,2,RB,337,397,2,,12503,12503,,9.85121E+14,9.85121E+14,SCA
10/12/2013,2013,2,L15,6,RB,248,183,1,,12409,12409,,9.85121E+14,9.85121E+14,RA
10/11/2013,2013,2,L08,6,RB,381,,2,,12302,12302,,9.85121E+14,9.85121E+14,SCA
10/18/2013,2013,0,L36,12,RB,210,145,1,,12680,12680,,9.85121E+14,9.85121E+14,RA
10/7/2013,2013,1,L08,1,RB,313,345,2,,12119,12119,,9.85121E+14,9.85121E+14,SCA
10/8/2013,2013,1,L10,9,RB,251,199,1,,12204,12204,,9.85121E+14,9.85121E+14,RA
10/24/2013,2013,5,L22,9,RB,247,181,1,,12868,12868,,9.85121E+14,9.85121E+14,RA
10/16/2013,2013,3,L23,11,RB,299,259,2,,12563,12563,,9.85121E+14,9.85121E+14,SCA
10/17/2013,2013,0,L38,6,RB,233,157,1,,12620,12620,,9.85121E+14,9.85121E+14,RA
10/11/2013,2013,2,L05,2,RB,242,,1,,12295,12295,,9.85121E+14,9.85121E+14,RA
10/24/2013,2013,5,L27,7,RB,199,88,1,,,,,9.85121E+14,9.85121E+14,RA
10/15/2013,2013,3,L28,9,RB,228,137,1,,12510,12510,,9.85121E+14,9.85121E+14,RA
10/19/2013,2013,4,L12,1,RB,253,196,1,,12743,12743,,9.85121E+14,9.85121E+14,RA
10/17/2013,2013,0,L51,3,RB,257,234,1,,12650,12650,,9.85121E+14,9.85121E+14,RA
10/17/2013,2013,0,L51,8,RB,277,259,2,,12653,12653,,9.85121E+14,9.85121E+14,RA
10/24/2013,2013,5,L22,11,RB,145,36,0,,,,,9.85121E+14,9.85121E+14,SCA
10/23/2013,2013,5,L17,2,RB,336,422,2,,12813,12813,,9.85121E+14,9.85121E+14,RA
10/11/2013,2013,2,L24,3,RB,228,,1,,12350,12350,,9.85121E+14,9.85121E+14,RA
10/8/2013,2013,1,L19,17,RB,133,36,0,,,,,9.85121E+14,9.85121E+14,SCA
10/19/2013,2013,4,L16,4,RB,404,706,3,,12745,12745,,9.85121E+14,9.85121E+14,SCA
10/12/2013,2013,2,L11,5,RB,223,152,1,,12392,12392,,9.85121E+14,9.85121E+14,RA
10/8/2013,2013,1,L15,2,RB,220,119,1,,12217,12217,,9.85121E+14,9.85121E+14,RA
10/12/2013,2013,2,L10,9,RB,241,159,3,,12387,12387,,9.85121E+14,9.85121E+14,RA
10/17/2013,2013,0,L35,3,RB,316,360,2,,12608,12608,,9.85121E+14,9.85121E+14,SCA
10/15/2013,2013,3,L16,7,RB,242,181,1,,12484,12484,,9.85121E+14,9.85121E+14,RA
10/7/2013,2013,1,L09,1,RB,222,146,1,,12124,12124,,9.85121E+14,9.85121E+14,SCA
10/16/2013,2013,3,L19,4,RB,213,98,1,,12534,12534,,9.85121E+14,9.85121E+14,RA
10/12/2013,2013,2,L22,19,RB,218,112,1,,12438,12438,,9.85121E+14,9.85121E+14,RA
10/17/2013,2013,0,L31,4,RB,361,565,3,,12575,12575,,9.85121E+14,9.85121E+14,RA
10/19/2013,2013,4,L04,4,RB,249,177,1,,12738,12738,,9.85121E+14,9.85121E+14,RA
10/17/2013,2013,0,L46,6,RB,364,293,3,,12637,12637,,9.85121E+14,9.85121E+14,RA
10/7/2013,2013,1,L24,1,RB,242,179,1,,12164,12164,,9.85121E+14,9.85121E+14,RA
10/12/2013,2013,2,L15,8,RB,251,219,1,,12411,12411,,9.85121E+14,9.85121E+14,RA
10/11/2013,2013,2,L21,8,RB,230,,1,,12348,12348,,9.85121E+14,9.85121E+14,RA
10/12/2013,2013,2,L10,5,RB,256,198,1,,12383,12383,,9.85121E+14,9.85121E+14,RA
10/12/2013,2013,2,L27,7,RB,286,287,2,,12455,12455,,9.85121E+14,9.85121E+14,SCA
10/8/2013,2013,1,L15,6,RB,236,164,1,,12221,12221,,9.85121E+14,9.85121E+14,RA
10/17/2013,2013,0,L50,10,RB,327,399,2,,12646,12646,,9.85121E+14,9.85121E+14,RA
10/11/2013,2013,2,L21,5,RB,220,,1,,12345,12345,,9.85121E+14,9.85121E+14,RA
10/12/2013,2013,2,L10,8,RB,367,510,3,,12386,12386,,9.85121E+14,9.85121E+14,RA
10/8/2013,2013,1,L19,4,RB,323,429,2,,12228,12228,,9.85121E+14,9.85121E+14,SCA
10/15/2013,2013,3,L20,6,RB,232,173,1,,12492,12492,,9.85121E+14,9.85121E+14,RA
10/8/2013,2013,1,L02,10,RB,109,14,0,,,,,9.85121E+14,9.85121E+14,SCA
10/16/2013,2013,3,L23,6,RB,322,381,2,,12559,12559,,9.85121E+14,9.85121E+14,SCA
10/11/2013,2013,2,L12,12,RB,246,,1,,12320,12320,,9.85121E+14,9.85121E+14,RA
10/18/2013,2013,0,L52,9,RB,246,177,3,,12733,12733,,9.85121E+14,9.85121E+14,RA
10/11/2013,2013,2,L12,10,RB,251,,1,,12318,12318,,9.85121E+14,9.85121E+14,RA
10/18/2013,2013,0,L52,10,RB,281,272,2,,12734,12734,,9.85121E+14,9.85121E+14,RA
10/17/2013,2013,0,L51,6,RB,119,20,0,,,,,9.85121E+14,9.85121E+14,SCA
10/18/2013,2013,0,L45,6,RB,212,117,1,,12700,12700,,9.85121E+14,9.85121E+14,RA
10/24/2013,2013,5,L27,4,RB,314,367,2,,12873,12873,,9.85121E+14,9.85121E+14,RA
10/18/2013,2013,0,L49,15,RB,353,505,2,,12720,12720,,9.85121E+14,9.85121E+14,RA
10/8/2013,2013,1,L03,2,RB,244,172,1,,12180,12180,,9.85121E+14,9.85121E+14,RA
10/11/2013,2013,2,L12,2,RB,250,,1,,12310,12310,,9.85121E+14,9.85121E+14,RA
10/18/2013,2013,0,L44,2,RB,211,141,1,,12695,12695,,9.85121E+14,9.85121E+14,RA
10/7/2013,2013,1,L01,7,RB,248,173,1,,12107,12107,,9.85121E+14,9.85121E+14,SCA
10/23/2013,2013,5,L28,1,RB,317,384,2,,12829,12829,,9.85121E+14,9.85121E+14,RA
10/23/2013,2013,5,L21,1,RB,227,133,1,,12816,12816,,9.85121E+14,9.85121E+14,RA
10/20/2013,2013,4,L22,13,RB,270,245,1,,12786,12786,,9.85121E+14,9.85121E+14,RA
10/11/2013,2013,2,L20,11,RB,236,,1,,12340,12340,,9.85121E+14,9.85121E+14,RA
10/7/2013,2013,1,L13,3,RB,249,187,1,,12134,12134,,9.85121E+14,9.85121E+14,SCA
10/8/2013,2013,1,L10,5,RB,302,371,2,,12200,12200,,9.85121E+14,9.85121E+14,SCA
10/15/2013,2013,3,L21,8,RB,213,97,1,,12499,12499,,9.85121E+14,9.85121E+14,RA
10/8/2013,2013,1,L22,2,RB,427,811,3,,12241,12241,,9.85121E+14,9.85121E+14,RA
10/19/2013,2013,4,L20,7,RB,93,12,0,,,,,9.85121E+14,9.85121E+14,SCA
10/20/2013,2013,4,L02,1,RB,391,661,4,,12755,12755,,9.85121E+14,9.85121E+14,RA
10/7/2013,2013,1,L20,2,RB,233,139,1,,12149,12149,,9.85121E+14,9.85121E+14,SCA
10/18/2013,2013,0,L45,2,RB,399,721,5,,12696,12696,,9.85121E+14,9.85121E+14,RA
10/7/2013,2013,1,L01,10,RB,252,181,1,,12110,12110,,9.85121E+14,9.85121E+14,SCA
10/18/2013,2013,0,L52,4,RB,376,697,3,,12728,12728,,9.85121E+14,9.85121E+14,RA
10/18/2013,2013,0,L37,3,RB,365,578,2,,12683,12683,,9.85121E+14,9.85121E+14,RA
10/12/2013,2013,2,L15,7,RB,261,215,1,,12410,12410,,9.85121E+14,9.85121E+14,RA
10/16/2013,2013,3,L22,21,RB,214,123,1,,12554,12554,,9.85121E+14,9.85121E+14,RA
10/24/2013,2013,5,L22,10,RB,222,124,1,,12869,12869,,9.85121E+14,9.85121E+14,RA
10/7/2013,2013,1,L05,5,RB,242,185,1,,12118,12118,,9.85121E+14,9.85121E+14,SCA
10/7/2013,2013,1,L20,6,RB,264,223,1,,12153,12153,,9.85121E+14,9.85121E+14,SCA
10/17/2013,2013,0,L31,11,RB,220,133,1,,12582,12582,,9.85121E+14,9.85121E+14,RA
10/8/2013,2013,1,L10,2,RB,245,197,1,,12197,12197,,9.85121E+14,9.85121E+14,RA
10/12/2013,2013,2,L23,8,RB,221,115,1,,12448,12448,,9.85121E+14,9.85121E+14,RA
10/8/2013,2013,1,L07,7,RB,230,143,1,,12191,12191,,9.85121E+14,9.85121E+14,RA
10/19/2013,2013,4,L21,5,RB,225,156,1,,12749,12749,,9.85121E+14,9.85121E+14,RA
10/11/2013,2013,2,L20,4,RB,396,,4,,12333,12333,,9.85121E+14,9.85121E+14,SCA
10/17/2013,2013,0,L38,5,RB,239,157,1,,12619,12619,,9.85121E+14,9.85121E+14,RA
10/16/2013,2013,3,L11,9,RB,252,162,1,,12529,12529,,9.85121E+14,9.85121E+14,RA
10/18/2013,2013,0,L37,1,RB,347,377,3,,12681,12681,,9.85121E+14,9.85121E+14,RA
10/17/2013,2013,0,L34,24,RB,216,133,1,,12605,12605,,9.85121E+14,9.85121E+14,RA
10/16/2013,2013,3,L07,8,RB,233,141,1,,12517,12517,,9.85121E+14,9.85121E+14,RA
10/20/2013,2013,4,L19,7,RB,246,173,1,,12777,12777,,9.85121E+14,9.85121E+14,RA
10/12/2013,2013,2,L02,7,RB,255,174,1,,12372,12372,,9.85121E+14,9.85121E+14,RA
10/24/2013,2013,5,L10,1,RB,256,195,1,,12846,12846,,9.85121E+14,9.85121E+14,RA
10/19/2013,2013,4,L13,3,RB,425,807,4,,12744,12744,,9.85121E+14,9.85121E+14,SCA
10/11/2013,2013,2,L09,3,RB,245,,1,,12305,12305,,9.85121E+14,9.85121E+14,RA
10/24/2013,2013,5,L10,3,RB,233,143,1,,12848,12848,,9.85121E+14,9.85121E+14,RA
10/24/2013,2013,5,L22,6,RB,336,451,2,,12865,12865,,9.85121E+14,9.85121E+14,RA
10/11/2013,2013,2,L01,8,RB,250,198,1,,12293,12293,,9.85121E+14,9.85121E+14,RA
10/12/2013,2013,2,L15,9,RB,244,180,3,,12412,12412,,9.85121E+14,9.85121E+14,RA
10/7/2013,2013,1,L13,5,RB,254,225,1,,12136,12136,,9.85121E+14,9.85121E+14,SCA
10/12/2013,2013,2,L02,6,RB,209,124,1,,12371,12371,,9.85121E+14,9.85121E+14,SCA
10/24/2013,2013,5,L11,12,RB,222,136,1,,12852,12852,,9.85121E+14,9.85121E+14,RA
10/18/2013,2013,0,L33,15,RB,192,70,1,,,,,9.85121E+14,9.85121E+14,SCA
10/23/2013,2013,5,L12,7,RB,257,171,1,,12806,12806,,9.85121E+14,9.85121E+14,RA
10/11/2013,2013,2,L01,4,RB,377,587,3,,12290,12290,,9.85121E+14,9.85121E+14,SCA
10/8/2013,2013,1,L27,2,RB,334,453,2,,12271,12271,,9.85121E+14,9.85121E+14,SCA
10/23/2013,2013,5,L12,6,RB,231,142,1,,12805,12805,,9.85121E+14,9.85121E+14,RA
10/7/2013,2013,1,L28,3,RB,230,147,1,,12169,12169,,9.85121E+14,9.85121E+14,SCA
10/19/2013,2013,4,L21,9,RB,94,10,0,,,,,9.85121E+14,9.85121E+14,SCA
10/18/2013,2013,0,L37,10,RB,190,76,1,,,,,9.85121E+14,9.85121E+14,SCA
10/17/2013,2013,0,L34,19,RB,137,26,0,,,,,9.85121E+14,9.85121E+14,SCA
10/8/2013,2013,1,L19,19,RB,103,13,0,,,,,9.85121E+14,9.85121E+14,SCA
10/12/2013,2013,2,L22,13,RB,432,863,6,,12433,12433,,9.85121E+14,9.85121E+14,RA
10/15/2013,2013,3,L24,2,RB,357,474,3,,12501,12501,,9.85121E+14,9.85121E+14,RA
10/8/2013,2013,1,L02,8,RB,261,199,1,,12178,12178,,9.85121E+14,9.85121E+14,SCA
10/12/2013,2013,2,L19,12,RB,127,16,0,,,,,9.85121E+14,9.85121E+14,SCA
10/17/2013,2013,0,L35,1,RB,202,100,1,,12606,12606,,9.85121E+14,9.85121E+14,RA
10/8/2013,2013,1,L22,21,RB,219,127,1,,12255,12255,,9.85121E+14,9.85121E+14,SCA
10/8/2013,2013,1,L27,12,RB,240,179,1,,12281,12281,,9.85121E+14,9.85121E+14,RA
10/18/2013,2013,0,L37,8,RB,222,125,1,,12688,12688,,9.85121E+14,9.85121E+14,RA
10/17/2013,2013,0,L34,13,RB,261,220,1,,12596,12596,,9.85121E+14,9.85121E+14,RA
10/8/2013,2013,1,L27,1,RB,304,347,2,,12270,12270,,9.85121E+14,9.85121E+14,SCA
10/12/2013,2013,2,L11,16,RB,237,175,1,,12403,12403,,9.85121E+14,9.85121E+14,RA
10/12/2013,2013,2,L22,7,RB,438,847,4,,12427,12427,,9.85121E+14,9.85121E+14,SCA
10/7/2013,2013,1,L01,8,RB,235,147,1,,12108,12108,,9.85121E+14,9.85121E+14,SCA
10/24/2013,2013,5,L06,2,RB,242,177,1,,12842,12842,,9.85121E+14,9.85121E+14,RA
10/16/2013,2013,3,L22,19,RB,228,129,1,,12552,12552,,9.85121E+14,9.85121E+14,RA
10/19/2013,2013,4,L09,4,RB,241,181,1,,12742,12742,,9.85121E+14,9.85121E+14,RA
10/23/2013,2013,5,L16,7,RB,228,148,1,,12812,12812,,9.85121E+14,9.85121E+14,RA
10/17/2013,2013,0,L34,14,RB,249,203,1,,12597,12597,,9.85121E+14,9.85121E+14,RA
10/7/2013,2013,1,L08,5,RB,392,668,3,,12123,12123,,9.85121E+14,9.85121E+14,SCA
10/18/2013,2013,0,L49,8,RB,355,542,2,,12713,12713,,9.85121E+14,9.85121E+14,RA
10/16/2013,2013,3,L14,4,RB,243,180,1,,12530,12530,,9.85121E+14,9.85121E+14,RA
10/8/2013,2013,1,L19,13,RB,264,212,1,,12237,12237,,9.85121E+14,9.85121E+14,SCA
10/8/2013,2013,1,L02,1,RB,213,115,1,,12171,12171,,9.85121E+14,9.85121E+14,SCA
10/11/2013,2013,2,L16,11,RB,224,,1,,12329,12329,,9.85121E+14,9.85121E+14,RA
10/12/2013,2013,2,L27,8,RB,263,221,1,,12456,12456,,9.85121E+14,9.85121E+14,RA
10/7/2013,2013,1,L13,4,RB,220,125,1,,12135,12135,,9.85121E+14,9.85121E+14,SCA
10/11/2013,2013,2,L28,3,RB,342,,2,,12359,12359,,9.85121E+14,9.85121E+14,SCA
10/12/2013,2013,2,L06,6,RB,110,16,0,,,,,9.85121E+14,9.85121E+14,SCA
10/18/2013,2013,0,L49,18,RB,283,337,2,,12723,12723,,9.85121E+14,9.85121E+14,RA
10/8/2013,2013,1,L22,1,RB,347,435,3,,12240,12240,,9.85121E+14,9.85121E+14,SCA
10/23/2013,2013,5,L17,3,RB,241,154,3,,12814,12814,,9.85121E+14,9.85121E+14,RA
10/16/2013,2013,3,L22,4,RB,272,255,1,,12537,12537,,9.85121E+14,9.85121E+14,SCA
10/7/2013,2013,1,L20,1,RB,223,142,1,,12148,12148,,9.85121E+14,9.85121E+14,SCA
10/7/2013,2013,1,L12,5,RB,258,223,1,,12130,12130,,9.85121E+14,9.85121E+14,SCA
10/24/2013,2013,5,L11,9,RB,355,543,2,,12849,12849,,9.85121E+14,9.85121E+14,RA
10/12/2013,2013,2,L22,18,RB,238,144,1,,12437,12437,,9.85121E+14,9.85121E+14,RA
10/20/2013,2013,4,L07,4,RB,243,199,1,,12761,12761,,9.85121E+14,9.85121E+14,RA
10/16/2013,2013,3,L11,2,RB,343,471,3,,12522,12522,,9.85121E+14,9.85121E+14,RA
10/20/2013,2013,4,L15,3,RB,399,697,3,,12771,12771,,9.85121E+14,9.85121E+14,RA
10/7/2013,2013,1,L12,1,RB,247,171,1,,12126,12126,,9.85121E+14,9.85121E+14,SCA
10/17/2013,2013,0,L38,2,RB,234,147,1,,12616,12616,,9.85121E+14,9.85121E+14,RA
10/11/2013,2013,2,L20,12,RB,233,,1,,12341,12341,,9.85121E+14,9.85121E+14,RA
10/8/2013,2013,1,L02,6,RB,225,157,1,,12176,12176,,9.85121E+14,9.85121E+14,SCA
10/8/2013,2013,1,L11,2,RB,241,166,1,,12206,12206,,9.85121E+14,9.85121E+14,RA
10/8/2013,2013,1,L19,3,RB,258,233,1,,12227,12227,,9.85121E+14,9.85121E+14,RA
10/8/2013,2013,1,L19,9,RB,240,166,1,,12233,12233,,9.85121E+14,9.85121E+14,RA
10/16/2013,2013,3,L27,9,RB,219,126,1,,12573,12573,,9.85121E+14,9.85121E+14,RA
10/8/2013,2013,1,L19,11,RB,243,205,1,,12235,12235,,9.85121E+14,9.85121E+14,RA
10/24/2013,2013,5,L02,2,RB,397,731,3,,12835,12835,,9.85121E+14,9.85121E+14,RA
10/8/2013,2013,1,L22,17,RB,227,156,1,,12252,12252,,9.85121E+14,9.85121E+14,RA
10/8/2013,2013,1,L27,15,RB,208,111,1,,12284,12284,,9.85121E+14,9.85121E+14,SCA
10/18/2013,2013,0,L48,8,RB,101,12,0,,,,,9.85121E+14,9.85121E+14,SCA
10/7/2013,2013,1,L16,8,RB,200,106,1,,12144,12144,,9.85121E+14,9.85121E+14,SCA
10/8/2013,2013,1,L26,1,RB,405,725,4,,12263,12263,,9.85121E+14,9.85121E+14,SCA
10/23/2013,2013,5,L25,4,RB,253,190,1,,12827,12827,,9.85121E+14,9.85121E+14,RA
10/16/2013,2013,3,L23,10,RB,185,57,0,,,,,9.85121E+14,9.85121E+14,SCA
10/16/2013,2013,3,L10,6,RB,249,185,1,,12521,12521,,9.85121E+14,9.85121E+14,RA
10/24/2013,2013,5,L02,6,RB,264,221,1,,12839,12839,,9.85121E+14,9.85121E+14,RA
10/17/2013,2013,0,L34,18,RB,104,16,0,,,,,9.85121E+14,9.85121E+14,SCA
10/8/2013,2013,1,L27,14,RB,366,598,2,,12283,12283,,9.85121E+14,9.85121E+14,SCA
10/8/2013,2013,1,L27,11,RB,210,111,1,,12280,12280,,9.85121E+14,9.85121E+14,SCA
10/11/2013,2013,2,L20,7,RB,311,,2,,12336,12336,,9.85121E+14,9.85121E+14,SCA
10/8/2013,2013,1,L23,9,RB,242,156,1,,12262,12262,,9.85121E+14,9.85121E+14,RA
10/16/2013,2013,3,L19,3,RB,250,193,1,,12533,12533,,9.85121E+14,9.85121E+14,RA
10/12/2013,2013,2,L10,4,RB,254,187,1,,12382,12382,,9.85121E+14,9.85121E+14,RA
10/15/2013,2013,3,L17,1,RB,240,151,1,,12490,12490,,9.85121E+14,9.85121E+14,RA
10/12/2013,2013,2,L07,4,RB,313,359,2,,12378,12378,,9.85121E+14,9.85121E+14,SCA
10/17/2013,2013,0,L31,3,RB,396,711,3,,12574,12574,,9.85121E+14,9.85121E+14,RA
10/8/2013,2013,1,L02,2,RB,213,106,1,,12172,12172,,9.85121E+14,9.85121E+14,SCA
10/12/2013,2013,2,L22,16,RB,200,79,1,,12435,12435,,9.85121E+14,9.85121E+14,SCA
10/23/2013,2013,5,L12,3,RB,339,441,2,,12802,12802,,9.85121E+14,9.85121E+14,RA
10/24/2013,2013,5,L27,6,RB,198,78,1,,,,,9.85121E+14,9.85121E+14,RA
10/17/2013,2013,0,L38,9,RB,361,509,3,,12623,12623,,9.85121E+14,9.85121E+14,RA
10/11/2013,2013,2,L09,2,RB,299,,2,,12304,12304,,9.85121E+14,9.85121E+14,SCA
10/15/2013,2013,3,L20,8,RB,260,194,1,,12494,12494,,9.85121E+14,9.85121E+14,RA
10/11/2013,2013,2,L12,13,RB,237,,1,,12321,12321,,9.85121E+14,9.85121E+14,RA
10/16/2013,2013,3,L23,5,RB,373,509,3,,12558,12558,,9.85121E+14,9.85121E+14,SCA
10/16/2013,2013,3,L11,4,RB,386,504,3,,12524,12524,,9.85121E+14,9.85121E+14,SCA
10/17/2013,2013,0,L34,22,RB,219,117,1,,12603,12603,,9.85121E+14,9.85121E+14,RA
10/16/2013,2013,3,L22,5,RB,313,342,2,,12538,12538,,9.85121E+14,9.85121E+14,SCA
10/12/2013,2013,2,L15,15,RB,236,177,1,,12417,12417,,9.85121E+14,9.85121E+14,RA
10/19/2013,2013,4,L28,1,RB,408,970,4,,12753,12753,,9.85121E+14,9.85121E+14,RA
10/7/2013,2013,1,L16,7,RB,251,185,1,,12143,12143,,9.85121E+14,9.85121E+14,SCA
10/12/2013,2013,2,L06,1,RB,246,153,1,,12373,12373,,9.85121E+14,9.85121E+14,RA
10/20/2013,2013,4,L19,6,RB,238,155,1,,12776,12776,,9.85121E+14,9.85121E+14,RA
10/12/2013,2013,2,L15,14,RB,227,146,1,,12416,12416,,9.85121E+14,9.85121E+14,RA
10/8/2013,2013,1,L07,5,RB,364,460,3,,12189,12189,,9.85121E+14,9.85121E+14,SCA
10/17/2013,2013,0,L34,9,RB,222,130,1,,12592,12592,,9.85121E+14,9.85121E+14,RA
10/16/2013,2013,3,L07,5,RB,373,657,4,,12514,12514,,9.85121E+14,9.85121E+14,SCA
10/8/2013,2013,1,L27,8,RB,298,305,2,,12277,12277,,9.85121E+14,9.85121E+14,SCA
10/12/2013,2013,2,L27,9,RB,243,168,1,,12457,12457,,9.85121E+14,9.85121E+14,RA
10/23/2013,2013,5,L21,3,RB,385,717,4,,12818,12818,,9.85121E+14,9.85121E+14,RA
10/20/2013,2013,4,L22,15,RB,229,,1,,12788,12788,,9.85121E+14,9.85121E+14,RA
10/17/2013,2013,0,L31,5,RB,372,561,3,,12576,12576,,9.85121E+14,9.85121E+14,RA
10/24/2013,2013,5,L11,13,RB,217,119,1,,12853,12853,,9.85121E+14,9.85121E+14,RA
10/16/2013,2013,3,L10,5,RB,281,258,1,,12520,12520,,9.85121E+14,9.85121E+14,SCA
10/11/2013,2013,2,L28,11,RB,281,,2,,12367,12367,,9.85121E+14,9.85121E+14,SCA
10/18/2013,2013,0,L45,4,RB,238,175,1,,12698,12698,,9.85121E+14,9.85121E+14,RA
10/16/2013,2013,3,L27,8,RB,219,127,1,,12572,12572,,9.85121E+14,9.85121E+14,RA
10/23/2013,2013,5,L12,4,RB,354,498,3,,12803,12803,,9.85121E+14,9.85121E+14,RA
10/18/2013,2013,0,L49,11,RB,378,621,3,,12716,12716,,9.85121E+14,9.85121E+14,RA
10/17/2013,2013,0,L38,10,RB,212,116,1,,12624,12624,,9.85121E+14,9.85121E+14,RA
10/7/2013,2013,1,L12,6,RB,255,204,1,,12131,12131,,9.85121E+14,9.85121E+14,SCA
10/18/2013,2013,0,L33,4,RB,355,452,2,,12660,12660,,9.85121E+14,9.85121E+14,RA
10/8/2013,2013,1,L27,16,RB,242,181,3,,12285,12285,,9.85121E+14,9.85121E+14,RA
10/8/2013,2013,1,L19,1,RB,383,654,3,,12225,12225,,9.85121E+14,9.85121E+14,SCA
10/17/2013,2013,0,L31,8,RB,234,170,1,,12579,12579,,9.85121E+14,9.85121E+14,RA
10/12/2013,2013,2,L15,12,RB,219,113,1,,12415,12415,,9.85121E+14,9.85121E+14,RA
10/11/2013,2013,2,L24,1,RB,241,,1,,12349,12349,,9.85121E+14,9.85121E+14,RA
10/20/2013,2013,4,L14,3,RB,213,106,1,,12770,12770,,9.85121E+14,9.85121E+14,RA
10/7/2013,2013,1,L25,1,RB,360,525,3,,12165,12165,,9.85121E+14,9.85121E+14,RA
10/20/2013,2013,4,L27,2,RB,196,92,1,,,,,9.85121E+14,9.85121E+14,RA
10/18/2013,2013,0,L52,1,RB,395,756,3,,12725,12725,,9.85121E+14,9.85121E+14,RA
10/20/2013,2013,4,L22,9,RB,246,171,1,,12782,12782,,9.85121E+14,9.85121E+14,RA
10/17/2013,2013,0,L38,1,RB,225,224,1,,12615,12615,,9.85121E+14,9.85121E+14,RA
10/24/2013,2013,5,L15,6,RB,368,543,3,,12856,12856,,9.85121E+14,9.85121E+14,RA
10/15/2013,2013,3,L21,9,RB,232,154,1,,12500,12500,,9.85121E+14,9.85121E+14,RA
10/12/2013,2013,2,L02,2,RB,357,547,3,,12368,12368,,9.85121E+14,9.85121E+14,SCA
10/8/2013,2013,1,L26,6,RB,265,221,1,,12268,12268,,9.85121E+14,9.85121E+14,RA
10/20/2013,2013,4,L22,10,RB,257,188,1,,12783,12783,,9.85121E+14,9.85121E+14,RA
10/18/2013,2013,0,L49,3,RB,346,560,3,,12708,12708,,9.85121E+14,9.85121E+14,RA
10/8/2013,2013,1,L11,6,RB,303,315,2,,12210,12210,,9.85121E+14,9.85121E+14,SCA
10/12/2013,2013,2,L02,4,RB,400,627,4,,12369,12369,,9.85121E+14,9.85121E+14,SCA
10/15/2013,2013,3,L16,10,RB,210,119,1,,12487,12487,,9.85121E+14,9.85121E+14,RA
10/19/2013,2013,4,L21,4,RB,314,357,2,,12748,12748,,9.85121E+14,9.85121E+14,SCA
10/18/2013,2013,0,L52,7,RB,365,633,3,,12731,12731,,9.85121E+14,9.85121E+14,RA
10/16/2013,2013,3,L15,2,RB,258,171,1,,12531,12531,,9.85121E+14,9.85121E+14,RA
10/12/2013,2013,2,L22,21,RB,285,229,1,,12440,12440,,9.85121E+14,9.85121E+14,SCA
10/8/2013,2013,1,L23,4,RB,322,357,2,,12259,12259,,9.85121E+14,9.85121E+14,SCA
10/18/2013,2013,0,L33,8,RB,294,299,2,,12664,12664,,9.85121E+14,9.85121E+14,SCA
10/11/2013,2013,2,L09,5,RB,221,,1,,12307,12307,,9.85121E+14,9.85121E+14,RA
10/17/2013,2013,0,L51,5,RB,137,34,0,,,,,9.85121E+14,9.85121E+14,SCA
10/20/2013,2013,4,L22,7,RB,380,596,2,,12780,12780,,9.85121E+14,9.85121E+14,RA
10/7/2013,2013,1,L04,1,RB,242,165,1,,12112,12112,,9.85121E+14,9.85121E+14,SCA
10/24/2013,2013,5,L02,7,RB,243,161,1,,12840,12840,,9.85121E+14,9.85121E+14,RA
10/12/2013,2013,2,L23,3,RB,386,667,3,,12444,12444,,9.85121E+14,9.85121E+14,SCA
10/18/2013,2013,0,L36,8,RB,213,159,1,,12676,12676,,9.85121E+14,9.85121E+14,RA
10/16/2013,2013,3,L02,5,RB,230,172,1,,12511,12511,,9.85121E+14,9.85121E+14,RA
10/8/2013,2013,1,L26,5,RB,249,195,1,,12267,12267,,9.85121E+14,9.85121E+14,RA
10/20/2013,2013,4,L19,5,RB,234,161,1,,12775,12775,,9.85121E+14,9.85121E+14,RA
10/8/2013,2013,1,L23,1,RB,205,107,1,,12257,12257,,9.85121E+14,9.85121E+14,SCA
10/8/2013,2013,1,L14,2,RB,253,183,1,,12214,12214,,9.85121E+14,9.85121E+14,RA
10/23/2013,2013,5,L16,6,RB,216,132,1,,12811,12811,,9.85121E+14,9.85121E+14,RA
10/19/2013,2013,4,L08,2,RB,357,504,2,,12739,12739,,9.85121E+14,9.85121E+14,RA
10/17/2013,2013,0,L34,8,RB,411,867,6,,12591,12591,,9.85121E+14,9.85121E+14,RA
10/18/2013,2013,0,L33,3,RB,366,505,3,,12659,12659,,9.85121E+14,9.85121E+14,RA
10/7/2013,2013,1,L05,2,RB,365,579,3,,12115,12115,,9.85121E+14,9.85121E+14,SCA
10/8/2013,2013,1,L06,4,RB,268,232,1,,12184,12184,,9.85121E+14,9.85121E+14,SCA
10/16/2013,2013,3,L10,3,RB,258,213,1,,12518,12518,,9.85121E+14,9.85121E+14,RA
10/11/2013,2013,2,L20,2,RB,389,,4,,12331,12331,,9.85121E+14,9.85121E+14,SCA
10/7/2013,2013,1,L12,2,RB,232,148,1,,12127,12127,,9.85121E+14,9.85121E+14,SCA
10/15/2013,2013,3,L21,4,RB,221,139,1,,12495,12495,,9.85121E+14,9.85121E+14,RA
10/11/2013,2013,2,L01,7,RB,345,479,3,,12292,12292,,9.85121E+14,9.85121E+14,SCA
10/16/2013,2013,3,L11,7,RB,243,179,,,12527,12527,,9.85121E+14,9.85121E+14,RA
10/8/2013,2013,1,L11,4,RB,322,440,2,,12208,12208,,9.85121E+14,9.85121E+14,SCA
10/18/2013,2013,0,L48,9,RB,106,14,0,,,,,9.85121E+14,9.85121E+14,SCA
10/12/2013,2013,2,L23,2,RB,310,328,2,,12443,12443,,9.85121E+14,9.85121E+14,SCA
10/23/2013,2013,5,L20,5,RB,252,190,1,,12815,12815,,9.85121E+14,9.85121E+14,RA
10/15/2013,2013,3,L08,9,RB,258,211,1,,12471,12471,,9.85121E+14,9.85121E+14,RA
10/24/2013,2013,5,L11,11,RB,230,140,1,,12851,12851,,9.85121E+14,9.85121E+14,RA
10/17/2013,2013,0,L34,10,RB,245,183,1,,12593,12593,,9.85121E+14,9.85121E+14,RA
10/7/2013,2013,1,L20,8,RB,257,189,1,,12155,12155,,9.85121E+14,9.85121E+14,RA
10/12/2013,2013,2,L19,5,RB,360,501,2,,12420,12420,,9.85121E+14,9.85121E+14,RA
10/17/2013,2013,0,L38,3,RB,206,104,1,,12617,12617,,9.85121E+14,9.85121E+14,RA
10/8/2013,2013,1,L23,10,RB,121,26,0,,,,,9.85121E+14,9.85121E+14,SCA
10/12/2013,2013,2,L11,9,RB,243,183,1,,12396,12396,,9.85121E+14,9.85121E+14,RA
10/12/2013,2013,2,L06,3,RB,266,219,1,,12374,12374,,9.85121E+14,9.85121E+14,RA
10/12/2013,2013,2,L11,14,RB,250,210,1,,12401,12401,,9.85121E+14,9.85121E+14,RA
10/18/2013,2013,0,L37,12,RB,97,11,0,,,,,9.85121E+14,9.85121E+14,SCA
10/23/2013,2013,5,L16,4,RB,241,185,1,,12809,12809,,9.85121E+14,9.85121E+14,RA
10/12/2013,2013,2,L11,12,RB,257,220,1,,12399,12399,,9.85121E+14,9.85121E+14,RA
10/11/2013,2013,2,L16,13,RB,137,,0,,,,,9.85121E+14,9.85121E+14,SCA
10/16/2013,2013,3,L11,3,RB,334,433,2,,12523,12523,,9.85121E+14,9.85121E+14,SCA
10/11/2013,2013,2,L20,9,RB,280,,2,,12338,12338,,9.85121E+14,9.85121E+14,SCA
10/16/2013,2013,3,L11,8,RB,222,127,1,,12528,12528,,9.85121E+14,9.85121E+14,RA
10/18/2013,2013,0,L37,5,RB,301,306,2,,12685,12685,,9.85121E+14,9.85121E+14,RA
10/8/2013,2013,1,L15,5,RB,228,141,1,,12220,12220,,9.85121E+14,9.85121E+14,RA
10/16/2013,2013,3,L22,17,RB,229,117,1,,12550,12550,,9.85121E+14,9.85121E+14,RA
10/8/2013,2013,1,L11,7,RB,236,151,1,,12211,12211,,9.85121E+14,9.85121E+14,RA
10/8/2013,2013,1,L27,10,RB,216,129,1,,12279,12279,,9.85121E+14,9.85121E+14,SCA
10/8/2013,2013,1,L11,1,RB,232,161,1,,12205,12205,,9.85121E+14,9.85121E+14,RA
10/16/2013,2013,3,L22,16,RB,221,101,1,,12549,12549,,9.85121E+14,9.85121E+14,RA
10/17/2013,2013,0,L42,1,RB,326,460,2,,12628,12628,,9.85121E+14,9.85121E+14,RA
10/11/2013,2013,2,L12,8,RB,262,,1,,12316,12316,,9.85121E+14,9.85121E+14,RA
10/16/2013,2013,3,L22,18,RB,211,97,1,,12551,12551,,9.85121E+14,9.85121E+14,RA
10/12/2013,2013,2,L22,22,RB,260,212,1,,12441,12441,,9.85121E+14,9.85121E+14,RA
10/15/2013,2013,3,L21,10,RB,154,39,0,,,,,9.85121E+14,9.85121E+14,SCA
10/11/2013,2013,2,L21,4,RB,217,,1,,12344,12344,,9.85121E+14,9.85121E+14,SCA
10/7/2013,2013,1,L01,6,RB,249,191,1,,12106,12106,,9.85121E+14,9.85121E+14,SCA
10/15/2013,2013,3,L25,2,RB,223,126,1,,12502,12502,,9.85121E+14,9.85121E+14,RA
10/18/2013,2013,0,L49,13,RB,357,599,2,,12718,12718,,9.85121E+14,9.85121E+14,RA
10/20/2013,2013,4,L02,2,RB,343,465,2,,12756,12756,,9.85121E+14,9.85121E+14,RA
10/7/2013,2013,1,L21,3,RB,221,115,1,,12160,12160,,9.85121E+14,9.85121E+14,SCA
10/23/2013,2013,5,L21,6,RB,207,95,1,,12821,12821,,9.85121E+14,9.85121E+14,RA
10/23/2013,2013,5,L28,5,RB,228,145,1,,12833,12833,,9.85121E+14,9.85121E+14,RA
10/7/2013,2013,1,L20,3,RB,247,173,1,,12150,12150,,9.85121E+14,9.85121E+14,RA
10/11/2013,2013,2,L08,5,RB,238,,1,,12301,12301,,9.85121E+14,9.85121E+14,RA
10/7/2013,2013,1,L01,4,RB,238,179,1,,12104,12104,,9.85121E+14,9.85121E+14,SCA
10/15/2013,2013,3,L28,4,RB,374,605,3,,12505,12505,,9.85121E+14,9.85121E+14,SCA
10/24/2013,2013,5,L27,5,RB,257,222,1,,12874,12874,,9.85121E+14,9.85121E+14,RA
10/12/2013,2013,2,L22,15,RB,350,479,2,,12434,12434,,9.85121E+14,9.85121E+14,SCA
10/8/2013,2013,1,L27,4,RB,227,153,1,,12273,12273,,9.85121E+14,9.85121E+14,RA
10/24/2013,2013,5,L23,1,RB,314,393,2,,12870,12870,,9.85121E+14,9.85121E+14,RA
10/17/2013,2013,0,L31,10,RB,287,273,2,,12581,12581,,9.85121E+14,9.85121E+14,RA
10/20/2013,2013,4,L07,3,RB,268,239,1,,12760,12760,,9.85121E+14,9.85121E+14,RA
10/17/2013,2013,0,L47,1,RB,304,325,2,,12639,12639,,9.85121E+14,9.85121E+14,RA
10/18/2013,2013,0,L37,4,RB,304,336,2,,12684,12684,,9.85121E+14,9.85121E+14,RA
10/12/2013,2013,2,L19,10,RB,255,204,1,,12425,12425,,9.85121E+14,9.85121E+14,RA
10/18/2013,2013,0,L48,2,RB,326,451,2,,12702,12702,,9.85121E+14,9.85121E+14,RA
10/18/2013,2013,0,L36,9,RB,216,151,1,,12677,12677,,9.85121E+14,9.85121E+14,RA
10/8/2013,2013,1,L19,7,RB,234,167,,,12231,12231,,9.85121E+14,9.85121E+14,RA
10/16/2013,2013,3,L06,1,RB,251,161,1,,12513,12513,,9.85121E+14,9.85121E+14,RA
10/11/2013,2013,2,L12,11,RB,366,,3,,12319,12319,,9.85121E+14,9.85121E+14,SCA
10/17/2013,2013,0,L35,6,RB,346,421,3,,12611,12611,,9.85121E+14,9.85121E+14,RA
10/16/2013,2013,3,L27,5,RB,234,139,1,,12569,12569,,9.85121E+14,9.85121E+14,RA
10/16/2013,2013,3,L23,8,RB,270,235,1,,12561,12561,,9.85121E+14,9.85121E+14,RA
10/17/2013,2013,0,L34,6,RB,223,124,1,,12589,12589,,9.85121E+14,9.85121E+14,RA
10/7/2013,2013,1,L28,2,RB,270,216,1,,12168,12168,,9.85121E+14,9.85121E+14,SCA
10/15/2013,2013,3,L13,3,RB,392,590,3,,12480,12480,,9.85121E+14,9.85121E+14,SCA
10/8/2013,2013,1,L19,16,RB,183,79,1,,,,,9.85121E+14,9.85121E+14,SCA
10/12/2013,2013,2,L15,10,RB,249,175,1,,12413,12413,,9.85121E+14,9.85121E+14,RA
10/8/2013,2013,1,L18,1,RB,371,605,4,,12223,12223,,9.85121E+14,9.85121E+14,SCA
10/16/2013,2013,3,L11,6,RB,246,161,1,,12526,12526,,9.85121E+14,9.85121E+14,RA
10/15/2013,2013,3,L28,7,RB,249,159,1,,12508,12508,,9.85121E+14,9.85121E+14,RA
10/17/2013,2013,0,L38,7,RB,217,147,1,,12621,12621,,9.85121E+14,9.85121E+14,RA
10/23/2013,2013,5,L16,5,RB,239,174,1,,12810,12810,,9.85121E+14,9.85121E+14,RA
10/23/2013,2013,5,L25,5,RB,333,397,2,,12828,12828,,9.85121E+14,9.85121E+14,RA
10/12/2013,2013,2,L27,10,RB,242,154,1,,12458,12458,,9.85121E+14,9.85121E+14,RA
10/18/2013,2013,0,L44,1,RB,241,165,1,,12694,12694,,9.85121E+14,9.85121E+14,RA
10/8/2013,2013,1,L19,6,RB,282,288,1,,12230,12230,,9.85121E+14,9.85121E+14,SCA
10/12/2013,2013,2,L15,4,RB,382,704,3,,12407,12407,,9.85121E+14,9.85121E+14,SCA
10/16/2013,2013,3,L07,6,RB,273,229,1,,12515,12515,,9.85121E+14,9.85121E+14,SCA
10/16/2013,2013,3,L22,7,RB,382,515,4,,12540,12540,,9.85121E+14,9.85121E+14,SCA
10/8/2013,2013,1,L07,3,RB,220,135,1,,12187,12187,,9.85121E+14,9.85121E+14,RA
10/18/2013,2013,0,L33,2,RB,386,795,4,,12658,12658,,9.85121E+14,9.85121E+14,RA
10/11/2013,2013,2,L08,2,RB,351,,2,,12298,12298,,9.85121E+14,9.85121E+14,SCA
10/11/2013,2013,2,L25,7,RB,217,,1,,12357,12357,,9.85121E+14,9.85121E+14,RA
10/15/2013,2013,3,L09,5,RB,312,365,2,,12474,12474,,9.85121E+14,9.85121E+14,SCA
10/24/2013,2013,5,L07,4,RB,265,244,1,,12845,12845,,9.85121E+14,9.85121E+14,RA
10/7/2013,2013,1,L16,1,RB,357,451,2,,12137,12137,,9.85121E+14,9.85121E+14,SCA
10/15/2013,2013,3,L12,9,RB,368,562,3,,12478,12478,,9.85121E+14,9.85121E+14,RA
10/17/2013,2013,0,L34,16,RB,215,127,1,,12599,12599,,9.85121E+14,9.85121E+14,RA
10/8/2013,2013,1,L14,3,RB,211,139,1,,12215,12215,,9.85121E+14,9.85121E+14,SCA
10/17/2013,2013,0,L31,7,RB,188,91,1,,12578,12578,,9.85121E+14,9.85121E+14,SCA
10/12/2013,2013,2,L19,13,RB,109,10,0,,,,,9.85121E+14,9.85121E+14,SCA
10/18/2013,2013,0,L49,10,RB,278,282,1,,12715,12715,,9.85121E+14,9.85121E+14,RA
10/15/2013,2013,3,L28,3,RB,334,394,2,,12504,12504,,9.85121E+14,9.85121E+14,SCA
10/23/2013,2013,5,L21,5,RB,226,134,1,,12820,12820,,9.85121E+14,9.85121E+14,RA
10/23/2013,2013,5,L21,8,RB,250,177,1,,12823,12823,,9.85121E+14,9.85121E+14,RA
10/16/2013,2013,3,L18,1,RB,288,284,2,,12532,12532,,9.85121E+14,9.85121E+14,SCA
10/16/2013,2013,3,L07,9,RB,196,67,1,,,,,9.85121E+14,9.85121E+14,SCA
10/15/2013,2013,3,L08,7,RB,341,425,2,,12469,12469,,9.85121E+14,9.85121E+14,RA
10/8/2013,2013,1,L19,2,RB,403,713,4,,12226,12226,,9.85121E+14,9.85121E+14,SCA
10/16/2013,2013,3,L27,4,RB,366,421,3,,12568,12568,,9.85121E+14,9.85121E+14,RA
10/8/2013,2013,1,L22,16,RB,180,80,1,,,,,9.85121E+14,9.85121E+14,SCA
10/18/2013,2013,0,L52,12,RB,124,27,0,,,,,9.85121E+14,9.85121E+14,SCA
10/24/2013,2013,5,L15,7,RB,292,303,2,,12857,12857,,9.85121E+14,9.85121E+14,RA
10/24/2013,2013,5,L02,8,RB,156,41,1,,,,,9.85121E+14,9.85121E+14,SCA
10/7/2013,2013,1,L21,5,RB,238,170,1,,12162,12162,,9.85121E+14,9.85121E+14,SCA
10/15/2013,2013,3,L09,6,RB,113,13,0,,,,,9.85121E+14,9.85121E+14,SCA
10/19/2013,2013,4,L20,5,RB,228,131,1,,12746,12746,,9.85121E+14,9.85121E+14,RA
10/11/2013,2013,2,L25,6,RB,255,,1,,12356,12356,,9.85121E+14,9.85121E+14,RA
10/8/2013,2013,1,L18,2,RB,255,210,1,,12224,12224,,9.85121E+14,9.85121E+14,RA
10/24/2013,2013,5,L22,5,RB,373,677,3,,12864,12864,,9.85121E+14,9.85121E+14,RA
10/8/2013,2013,1,L26,7,RB,201,105,1,,12269,12269,,9.85121E+14,9.85121E+14,SCA
10/17/2013,2013,0,L35,9,RB,206,84,1,,12614,12614,,9.85121E+14,9.85121E+14,RA
10/17/2013,2013,0,L50,12,RB,420,815,4,,12648,12648,,9.85121E+14,9.85121E+14,SCA
10/20/2013,2013,4,L22,8,RB,304,307,4,,12781,12781,,9.85121E+14,9.85121E+14,RA
10/8/2013,2013,1,L19,5,RB,288,302,2,,12229,12229,,9.85121E+14,9.85121E+14,SCA
10/19/2013,2013,4,L04,3,RB,350,403,2,,12737,12737,,9.85121E+14,9.85121E+14,RA
10/17/2013,2013,0,L35,5,RB,222,134,1,,12610,12610,,9.85121E+14,9.85121E+14,RA
10/16/2013,2013,3,L19,6,RB,238,142,1,,12536,12536,,9.85121E+14,9.85121E+14,RA
10/7/2013,2013,1,L20,9,RB,233,158,1,,12156,12156,,9.85121E+14,9.85121E+14,SCA
10/24/2013,2013,5,L02,5,RB,323,389,2,,12838,12838,,9.85121E+14,9.85121E+14,RA
10/17/2013,2013,0,L50,6,RB,377,714,3,,12643,12643,,9.85121E+14,9.85121E+14,RA
10/17/2013,2013,0,L50,7,RB,194,90,1,,,,,9.85121E+14,9.85121E+14,SCA
10/20/2013,2013,4,L19,4,RB,257,228,1,,12774,12774,,9.85121E+14,9.85121E+14,RA
10/15/2013,2013,3,L20,7,RB,243,151,1,,12493,12493,,9.85121E+14,9.85121E+14,RA
10/16/2013,2013,3,L22,9,RB,326,372,2,,12542,12542,,9.85121E+14,9.85121E+14,SCA
10/15/2013,2013,3,L16,8,RB,246,175,1,,12485,12485,,9.85121E+14,9.85121E+14,RA
10/17/2013,2013,0,L50,9,RB,266,250,1,,12645,12645,,9.85121E+14,9.85121E+14,RA
10/18/2013,2013,0,L33,14,RB,250,169,1,,12670,12670,,9.85121E+14,9.85121E+14,RA
10/17/2013,2013,0,L51,4,RB,393,655,3,,12651,12651,,9.85121E+14,9.85121E+14,RA
10/12/2013,2013,2,L11,13,RB,297,292,1,,12400,12400,,9.85121E+14,9.85121E+14,SCA
10/12/2013,2013,2,L27,12,RB,250,187,1,,12460,12460,,9.85121E+14,9.85121E+14,RA
10/16/2013,2013,3,L23,14,RB,202,83,1,,12566,12566,,9.85121E+14,9.85121E+14,RA
10/7/2013,2013,1,L05,1,RB,380,534,5,,12114,12114,9.85121E+14,,9.85121E+14,SCA
10/7/2013,2013,1,L16,6,RB,394,755,4,,12142,12142,9.85121E+14,,9.85121E+14,RA
10/7/2013,2013,1,L20,7,RB,374,507,3,,12154,12154,9.85121E+14,,9.85121E+14,RA
10/7/2013,2013,1,L21,1,RB,437,1094,6,,12158,12158,9.85121E+14,,9.85121E+14,RA
10/8/2013,2013,1,L07,10,CT,225,151,,,12194,12194,,,,
10/8/2013,2013,1,L10,1,RB,331,417,4,,12196,12196,9.85121E+14,,9.85121E+14,SCA
10/8/2013,2013,1,L19,8,RB,265,210,1,,12232,12232,9.85121E+14,,9.85121E+14,RA
10/8/2013,2013,1,L19,15,RB,257,191,1,,12239,12239,9.85121E+14,,9.85121E+14,RA
10/8/2013,2013,1,L22,10,RB,388,647,4,,12247,12247,9.85121E+14,,9.85121E+14,RA
10/11/2013,2013,2,L01,2,RB,237,167,1,,12288,12288,9.85121E+14,,9.85121E+14,SCA
10/11/2013,2013,2,L12,4,RB,381,,3,,12312,12312,9.85121E+14,,9.85121E+14,RA
10/11/2013,2013,2,L16,9,RB,404,,4,,12327,12327,9.85121E+14,,9.85121E+14,SCA
10/11/2013,2013,2,L25,8,RB,326,,2,,12358,12358,9.85121E+14,,9.85121E+14,RA
10/12/2013,2013,2,L10,1,RB,384,595,4,,12381,12381,9.85121E+14,,9.85121E+14,SCA
10/12/2013,2013,2,L19,8,RB,206,103,1,,12423,12423,9.85121E+14,,9.85121E+14,SCA
10/15/2013,2013,3,L08,10,RB,393,685,4,,12472,12472,9.85121E+14,,9.85121E+14,RA
10/15/2013,2013,3,L16,5,RB,333,437,2,,12482,12482,9.85121E+14,,9.85121E+14,SCA
10/15/2013,2013,3,L20,5,RB,416,667,7,,12491,12491,9.85121E+14,,9.85121E+14,SCA
10/17/2013,2013,0,L50,5,RB,364,526,3,,12642,12642,9.85121E+14,,9.85121E+14,RA
10/20/2013,2013,4,L10,3,RB,380,531,3,,12764,12764,9.85121E+14,,9.85121E+14,RA
10/20/2013,2013,4,L23,3,RB,294,272,2,,12791,12791,9.85121E+14,,9.85121E+14,RA
10/23/2013,2013,5,L09,3,RB,342,490,3,,12800,12800,9.85121E+14,,9.85121E+14,RA
10/23/2013,2013,5,L28,4,RB,317,409,2,,12832,12832,9.85121E+14,,9.85121E+14,RA
10/12/2013,2013,2,L23,14,RB,193,85,1,,,,9.85121E+14,,9.85121E+14,SCA
10/20/2013,2013,4,L19,8,RB,157,41,0,,,,9.85121E+14,,9.85121E+14,SCA
10/12/2013,2013,2,L22,14,RB,181,63,1,,,,9.85121E+14,,9.85121E+14,SCA
10/12/2013,2013,2,L23,15,SMB,207,149,,,,,,,,
10/15/2013,2013,3,L05,3,SMB,216,167,,,,,,,,
10/8/2013,2013,1,L02,12,SMB,219,167,,,,,,,,
10/11/2013,2013,2,L05,5,SMB,220,,,,,,,,,
10/15/2013,2013,3,L04,3,SMB,232,175,,,,,,,,
10/8/2013,2013,1,L06,6,SMB,241,236,,,,,,,,
10/7/2013,2013,1,L05,6,SMB,243,214,,,,,,,,
10/7/2013,2013,1,L05,7,SMB,244,254,,,,,,,,
10/12/2013,2013,2,L02,8,SMB,245,248,,,,,,,,
10/8/2013,2013,1,L02,15,SMB,246,284,,,,,,,,
10/12/2013,2013,2,L15,13,RBH,249,190,,,,,,,,
10/15/2013,2013,3,L05,2,SMB,252,269,,,,,,,,
10/16/2013,2013,3,L06,2,SMB,258,270,,,,,,,,
10/8/2013,2013,1,L02,14,SMB,261,316,,,,,,,,
10/8/2013,2013,1,L02,16,SMB,263,317,,,,,,,,
10/8/2013,2013,1,L02,13,SMB,268,311,,,,,,,,
10/23/2013,2013,5,L01,1,CT,269,248,,,,,,,,
10/12/2013,2013,2,L22,6,CT,270,233,,,,,,,,
10/8/2013,2013,1,L06,7,SMB,271,334,,,,,,,,
10/7/2013,2013,1,L01,13,CT,273,251,,,,,,,,
10/11/2013,2013,2,L24,2,CT,273,,,,,,,,,
10/19/2013,2013,4,L04,5,CT,302,333,,,,,,,,
10/11/2013,2013,2,L08,8,CT,320,,,,,,,,,
10/12/2013,2013,2,L02,3,RBH,323,358,,,,,,,,
10/15/2013,2013,3,L01,3,RBH,324,401,,,,,,,,
10/19/2013,2013,4,L05,2,RBH,325,445,,,,,,,,
10/19/2013,2013,4,L08,5,CT,329,373,,,,,,,,
10/12/2013,2013,2,L06,2,RBH,333,431,,,,,,,,
10/7/2013,2013,1,L01,12,RBH,337,432,,,,,,,,
10/16/2013,2013,3,L11,10,CT,350,458,,,,,,,,
10/8/2013,2013,1,L02,17,SMB,366,909,,,,,,,,
10/17/2013,2013,0,L47,3,BT,452,976,,,,,,,,
10/7/2013,2013,1,L04,3,SMB,470,1946,,,,,,,,
10/17/2013,2013,0,L47,2,BT,570,2123,,,,,,,,
10/17/2013,2013,0,L47,4,BT,594,1830,,,,,,,,
10/19/2013,2013,4,L20,8,BT,599,1993,,,,,,,,
